-- phpMyAdmin SQL Dump
-- version 5.2.1
-- https://www.phpmyadmin.net/
--
-- Host: 127.0.0.1
-- Generation Time: May 26, 2025 at 10:27 AM
-- Server version: 10.4.32-MariaDB
-- PHP Version: 8.2.12

SET SQL_MODE = "NO_AUTO_VALUE_ON_ZERO";
START TRANSACTION;
SET time_zone = "+00:00";


/*!40101 SET @OLD_CHARACTER_SET_CLIENT=@@CHARACTER_SET_CLIENT */;
/*!40101 SET @OLD_CHARACTER_SET_RESULTS=@@CHARACTER_SET_RESULTS */;
/*!40101 SET @OLD_COLLATION_CONNECTION=@@COLLATION_CONNECTION */;
/*!40101 SET NAMES utf8mb4 */;

--
-- Database: `safe24`
--

-- --------------------------------------------------------

--
-- Table structure for table `banner_images`
--

CREATE TABLE `banner_images` (
  `banner_images_id` int(11) NOT NULL,
  `image_path` varchar(255) NOT NULL,
  `create_at` timestamp NOT NULL DEFAULT current_timestamp(),
  `update_at` timestamp NOT NULL DEFAULT current_timestamp() ON UPDATE current_timestamp()
) ENGINE=InnoDB DEFAULT CHARSET=utf8mb4 COLLATE=utf8mb4_general_ci;

--
-- Dumping data for table `banner_images`
--

INSERT INTO `banner_images` (`banner_images_id`, `image_path`, `create_at`, `update_at`) VALUES
(1, 'image.png', '2025-04-06 10:32:38', '2025-04-06 11:03:35'),
(2, 'image2.png', '2025-04-06 10:32:38', '2025-04-06 11:03:48'),
(3, 'image3.png', '2025-04-06 10:32:38', '2025-04-06 11:03:58'),
(4, 'wysegIggym.png', '2025-05-11 14:56:47', '2025-05-11 14:56:47');

-- --------------------------------------------------------

--
-- Table structure for table `carts`
--

CREATE TABLE `carts` (
  `id` bigint(20) UNSIGNED NOT NULL,
  `user_id` int(10) UNSIGNED NOT NULL,
  `variant_id` bigint(20) UNSIGNED NOT NULL,
  `quantity` int(11) NOT NULL DEFAULT 1,
  `created_at` timestamp NULL DEFAULT current_timestamp(),
  `updated_at` timestamp NULL DEFAULT current_timestamp() ON UPDATE current_timestamp()
) ENGINE=InnoDB DEFAULT CHARSET=utf8mb4 COLLATE=utf8mb4_general_ci;

--
-- Dumping data for table `carts`
--

INSERT INTO `carts` (`id`, `user_id`, `variant_id`, `quantity`, `created_at`, `updated_at`) VALUES
(25, 2, 138, 1, '2025-05-25 00:37:32', '2025-05-25 00:37:32'),
(26, 2, 118, 1, '2025-05-25 00:37:48', '2025-05-25 00:37:48');

-- --------------------------------------------------------

--
-- Table structure for table `categories`
--

CREATE TABLE `categories` (
  `category_id` int(10) UNSIGNED NOT NULL,
  `category_name` varchar(255) NOT NULL,
  `created_at` timestamp NULL DEFAULT NULL,
  `updated_at` timestamp NULL DEFAULT NULL
) ENGINE=InnoDB DEFAULT CHARSET=utf8mb4 COLLATE=utf8mb4_unicode_ci;

--
-- Dumping data for table `categories`
--

INSERT INTO `categories` (`category_id`, `category_name`, `created_at`, `updated_at`) VALUES
(5, 'សម្លៀកបំពាក់វេជ្ជសាស្រ្តស្រី', '2025-05-22 07:48:22', '2025-05-22 07:48:22'),
(6, 'សម្លៀកបំពាក់វេជ្ជសាស្រ្តប្រុស', '2025-05-22 07:48:28', '2025-05-22 07:48:28'),
(7, 'សម្លៀកបំពាក់ចុងភៅ', '2025-05-22 07:48:58', '2025-05-22 07:48:58'),
(8, 'សម្លៀកបំពាក់បុគ្គលិក', '2025-05-22 07:49:14', '2025-05-22 07:49:14');

-- --------------------------------------------------------

--
-- Table structure for table `events`
--

CREATE TABLE `events` (
  `id` bigint(20) UNSIGNED NOT NULL,
  `title` varchar(255) NOT NULL,
  `from_date` date NOT NULL,
  `to_date` date NOT NULL,
  `discount` int(11) NOT NULL,
  `created_at` timestamp NULL DEFAULT NULL,
  `updated_at` timestamp NULL DEFAULT NULL
) ENGINE=InnoDB DEFAULT CHARSET=utf8mb4 COLLATE=utf8mb4_unicode_ci;

--
-- Dumping data for table `events`
--

INSERT INTO `events` (`id`, `title`, `from_date`, `to_date`, `discount`, `created_at`, `updated_at`) VALUES
(14, 'New collection', '2025-05-22', '2025-05-24', 20, '2025-05-22 08:33:30', '2025-05-22 08:33:30'),
(15, 'MonthTrueDay', '2025-06-06', '2025-06-06', 70, '2025-05-22 08:34:40', '2025-05-22 08:34:40'),
(16, 'TEST', '2025-05-26', '2025-05-26', 15, '2025-05-25 21:58:58', '2025-05-25 21:58:58');

-- --------------------------------------------------------

--
-- Table structure for table `event_product`
--

CREATE TABLE `event_product` (
  `id` bigint(20) UNSIGNED NOT NULL,
  `event_id` bigint(20) UNSIGNED NOT NULL,
  `product_id` int(10) UNSIGNED NOT NULL,
  `created_at` timestamp NULL DEFAULT NULL,
  `updated_at` timestamp NULL DEFAULT NULL
) ENGINE=InnoDB DEFAULT CHARSET=utf8mb4 COLLATE=utf8mb4_unicode_ci;

--
-- Dumping data for table `event_product`
--

INSERT INTO `event_product` (`id`, `event_id`, `product_id`, `created_at`, `updated_at`) VALUES
(46, 14, 28, NULL, NULL),
(47, 14, 27, NULL, NULL),
(48, 14, 26, NULL, NULL),
(49, 15, 28, NULL, NULL),
(50, 15, 27, NULL, NULL),
(51, 15, 26, NULL, NULL),
(52, 15, 25, NULL, NULL),
(53, 15, 24, NULL, NULL),
(54, 15, 23, NULL, NULL),
(55, 15, 22, NULL, NULL),
(56, 15, 21, NULL, NULL),
(57, 15, 20, NULL, NULL),
(58, 15, 19, NULL, NULL),
(59, 15, 18, NULL, NULL),
(60, 15, 17, NULL, NULL),
(61, 15, 16, NULL, NULL),
(62, 15, 15, NULL, NULL),
(63, 15, 14, NULL, NULL),
(64, 16, 28, NULL, NULL);

-- --------------------------------------------------------

--
-- Table structure for table `invalidated_tokens`
--

CREATE TABLE `invalidated_tokens` (
  `id_tk` int(10) UNSIGNED NOT NULL,
  `access_tk` text NOT NULL,
  `expired_tk` timestamp NOT NULL DEFAULT current_timestamp() ON UPDATE current_timestamp(),
  `created_at` timestamp NULL DEFAULT NULL,
  `updated_at` timestamp NULL DEFAULT NULL
) ENGINE=InnoDB DEFAULT CHARSET=utf8mb4 COLLATE=utf8mb4_unicode_ci;

--
-- Dumping data for table `invalidated_tokens`
--

INSERT INTO `invalidated_tokens` (`id_tk`, `access_tk`, `expired_tk`, `created_at`, `updated_at`) VALUES
(1, 'eyJ0eXAiOiJKV1QiLCJhbGciOiJIUzI1NiJ9.eyJpc3MiOiJodHRwOi8vMTI3LjAuMC4xOjgwMDAvbG9naW4iLCJpYXQiOjE3NDQ5MDU1ODIsImV4cCI6MTc3NjQ0MTU4MiwibmJmIjoxNzQ0OTA1NTgyLCJqdGkiOiJScmF4bTd0eVlnZGpkMUdKIiwic3ViIjoiMSIsInBydiI6IjIzYmQ1Yzg5NDlmNjAwYWRiMzllNzAxYzQwMDg3MmRiN2E1OTc2ZjcifQ.Os2xO80lvfxPl1KMf8ZVoKJpEjOkuYh5PH7WnxswJ1E', '2026-04-17 08:59:42', '2025-04-17 09:03:07', '2025-04-17 09:03:07'),
(2, 'eyJ0eXAiOiJKV1QiLCJhbGciOiJIUzI1NiJ9.eyJpc3MiOiJodHRwOi8vMTI3LjAuMC4xOjgwMDAvbG9naW4iLCJpYXQiOjE3NDQ5MDU3OTcsImV4cCI6MTc3NjQ0MTc5NywibmJmIjoxNzQ0OTA1Nzk3LCJqdGkiOiIyV1NNV2JFRFdkN0Q2V1dVIiwic3ViIjoiMiIsInBydiI6IjIzYmQ1Yzg5NDlmNjAwYWRiMzllNzAxYzQwMDg3MmRiN2E1OTc2ZjcifQ.DJ7AD5n5t78tpO28YnG5HhUZx-CTR74bDxsKDtR8rkY', '2026-04-17 09:03:17', '2025-04-17 09:03:44', '2025-04-17 09:03:44'),
(3, 'eyJ0eXAiOiJKV1QiLCJhbGciOiJIUzI1NiJ9.eyJpc3MiOiJodHRwOi8vMTI3LjAuMC4xOjgwMDAvbG9naW4iLCJpYXQiOjE3NDQ5MDU4MjgsImV4cCI6MTc3NjQ0MTgyOCwibmJmIjoxNzQ0OTA1ODI4LCJqdGkiOiJlaWc5MmF0ZnRhRzNwNkRMIiwic3ViIjoiMSIsInBydiI6IjIzYmQ1Yzg5NDlmNjAwYWRiMzllNzAxYzQwMDg3MmRiN2E1OTc2ZjcifQ.l3KqnZ32zY7HbTsfeq6gksnn5mg866-dsKdp4KNjc3g', '2026-04-17 09:03:48', '2025-04-18 05:26:27', '2025-04-18 05:26:27'),
(4, 'eyJ0eXAiOiJKV1QiLCJhbGciOiJIUzI1NiJ9.eyJpc3MiOiJodHRwOi8vMTI3LjAuMC4xOjgwMDAvbG9naW4iLCJpYXQiOjE3NDQ5NzkxOTIsImV4cCI6MTc3NjUxNTE5MiwibmJmIjoxNzQ0OTc5MTkyLCJqdGkiOiJKZ0ZWV2hkc2FhbXdLQThZIiwic3ViIjoiMiIsInBydiI6IjIzYmQ1Yzg5NDlmNjAwYWRiMzllNzAxYzQwMDg3MmRiN2E1OTc2ZjcifQ.8Zg5Zb8jrECwPA7QPjX3KXb71gOKOKaR9Ds6oddVOA4', '2026-04-18 05:26:32', '2025-04-18 07:09:51', '2025-04-18 07:09:51'),
(5, 'eyJ0eXAiOiJKV1QiLCJhbGciOiJIUzI1NiJ9.eyJpc3MiOiJodHRwOi8vMTI3LjAuMC4xOjgwMDAvbG9naW4iLCJpYXQiOjE3NDQ5ODUzOTUsImV4cCI6MTc3NjUyMTM5NSwibmJmIjoxNzQ0OTg1Mzk1LCJqdGkiOiJPbE1ZMHhvc3lacDZaaHV4Iiwic3ViIjoiMSIsInBydiI6IjIzYmQ1Yzg5NDlmNjAwYWRiMzllNzAxYzQwMDg3MmRiN2E1OTc2ZjcifQ.cO1aSFx5Wfx4xFfZtuflBTMZ5nWRs1T1SmsMn1P4EW8', '2026-04-18 07:09:55', '2025-04-18 08:36:03', '2025-04-18 08:36:03'),
(6, 'eyJ0eXAiOiJKV1QiLCJhbGciOiJIUzI1NiJ9.eyJpc3MiOiJodHRwOi8vMTI3LjAuMC4xOjgwMDAvbG9naW4iLCJpYXQiOjE3NDQ5OTA1NjgsImV4cCI6MTc3NjUyNjU2OCwibmJmIjoxNzQ0OTkwNTY4LCJqdGkiOiIwdGtuczVnVW5kSE9vRzh4Iiwic3ViIjoiMiIsInBydiI6IjIzYmQ1Yzg5NDlmNjAwYWRiMzllNzAxYzQwMDg3MmRiN2E1OTc2ZjcifQ.OEdjwgGYK_2_i0YZW_5T0Ok3bIEN_rtrJq4lQGjhjZ4', '2026-04-18 08:36:08', '2025-04-18 09:14:44', '2025-04-18 09:14:44'),
(7, 'eyJ0eXAiOiJKV1QiLCJhbGciOiJIUzI1NiJ9.eyJpc3MiOiJodHRwOi8vMTI3LjAuMC4xOjgwMDAvbG9naW4iLCJpYXQiOjE3NDQ5OTI4ODksImV4cCI6MTc3NjUyODg4OSwibmJmIjoxNzQ0OTkyODg5LCJqdGkiOiI3aHYzcmlNZkdSTk9CZDdiIiwic3ViIjoiMSIsInBydiI6IjIzYmQ1Yzg5NDlmNjAwYWRiMzllNzAxYzQwMDg3MmRiN2E1OTc2ZjcifQ.GJP4x-G4R0tQY2UttYdl_gLewyDjoT4FaDYwWBVzprY', '2026-04-18 09:14:49', '2025-04-18 09:37:10', '2025-04-18 09:37:10'),
(8, 'eyJ0eXAiOiJKV1QiLCJhbGciOiJIUzI1NiJ9.eyJpc3MiOiJodHRwOi8vMTI3LjAuMC4xOjgwMDAvbG9naW4iLCJpYXQiOjE3NDQ5OTQyMzcsImV4cCI6MTc3NjUzMDIzNywibmJmIjoxNzQ0OTk0MjM3LCJqdGkiOiJBUHJvNWMwSEVJS3p1bXdsIiwic3ViIjoiMiIsInBydiI6IjIzYmQ1Yzg5NDlmNjAwYWRiMzllNzAxYzQwMDg3MmRiN2E1OTc2ZjcifQ.-Lm6hH63GdDD53OAjU93-g_c4PX5uBW-7bok3zJHOls', '2026-04-18 09:37:17', '2025-04-18 09:37:44', '2025-04-18 09:37:44'),
(9, 'eyJ0eXAiOiJKV1QiLCJhbGciOiJIUzI1NiJ9.eyJpc3MiOiJodHRwOi8vMTI3LjAuMC4xOjgwMDAvbG9naW4iLCJpYXQiOjE3NDQ3MzIzNTksImV4cCI6MTc3NjI2ODM1OSwibmJmIjoxNzQ0NzMyMzU5LCJqdGkiOiJMT0hIMm1CRmk0OVhwdXBmIiwic3ViIjoiMSIsInBydiI6IjIzYmQ1Yzg5NDlmNjAwYWRiMzllNzAxYzQwMDg3MmRiN2E1OTc2ZjcifQ.wLcHDYxtCann_xTD9hakQub8ccPjh05BxHVhNsi_CTQ', '2026-04-15 08:52:39', '2025-04-18 09:56:47', '2025-04-18 09:56:47'),
(10, 'eyJ0eXAiOiJKV1QiLCJhbGciOiJIUzI1NiJ9.eyJpc3MiOiJodHRwOi8vMTI3LjAuMC4xOjgwMDAvbG9naW4iLCJpYXQiOjE3NDQ3Nzc5MjQsImV4cCI6MTc3NjMxMzkyNCwibmJmIjoxNzQ0Nzc3OTI0LCJqdGkiOiJwMXRVS3B5MFdYM2VkTEtWIiwic3ViIjoiMiIsInBydiI6IjIzYmQ1Yzg5NDlmNjAwYWRiMzllNzAxYzQwMDg3MmRiN2E1OTc2ZjcifQ.Rz9zCPaeeS9tewBjEqhx7xkYRT8wyGQ_W1nsZ7hdbAM', '2026-04-15 21:32:04', '2025-04-19 01:20:06', '2025-04-19 01:20:06'),
(11, 'eyJ0eXAiOiJKV1QiLCJhbGciOiJIUzI1NiJ9.eyJpc3MiOiJodHRwOi8vMTI3LjAuMC4xOjgwMDAvbG9naW4iLCJpYXQiOjE3NDUwNTA4MDksImV4cCI6MTc3NjU4NjgwOSwibmJmIjoxNzQ1MDUwODA5LCJqdGkiOiJwTEpWUFNvRUdWbWZtbW03Iiwic3ViIjoiMiIsInBydiI6IjIzYmQ1Yzg5NDlmNjAwYWRiMzllNzAxYzQwMDg3MmRiN2E1OTc2ZjcifQ.cIqnX5WeolOWVsoDDQlKPJG6-Ebr__tyGYN6U7LMVC0', '2026-04-19 01:20:09', '2025-04-19 01:20:14', '2025-04-19 01:20:14'),
(12, 'eyJ0eXAiOiJKV1QiLCJhbGciOiJIUzI1NiJ9.eyJpc3MiOiJodHRwOi8vMTI3LjAuMC4xOjgwMDAvbG9naW4iLCJpYXQiOjE3NDUwNTA4MTgsImV4cCI6MTc3NjU4NjgxOCwibmJmIjoxNzQ1MDUwODE4LCJqdGkiOiJwOEQ0QUtSeGhESXlEUWp4Iiwic3ViIjoiMiIsInBydiI6IjIzYmQ1Yzg5NDlmNjAwYWRiMzllNzAxYzQwMDg3MmRiN2E1OTc2ZjcifQ.MH2QiA56giHIB0UUHs2Td6DrO0-E6VdwBDERq13QBT8', '2026-04-19 01:20:18', '2025-04-19 02:49:27', '2025-04-19 02:49:27'),
(13, 'eyJ0eXAiOiJKV1QiLCJhbGciOiJIUzI1NiJ9.eyJpc3MiOiJodHRwOi8vMTI3LjAuMC4xOjgwMDAvbG9naW4iLCJpYXQiOjE3NDUwNTYxNzcsImV4cCI6MTc3NjU5MjE3NywibmJmIjoxNzQ1MDU2MTc3LCJqdGkiOiJmemluSGhjek9qTDVpUUxiIiwic3ViIjoiMSIsInBydiI6IjIzYmQ1Yzg5NDlmNjAwYWRiMzllNzAxYzQwMDg3MmRiN2E1OTc2ZjcifQ.WM7vLc8etsWhCAdN1hMRBc31LxKkEkAZXOPM4-w7eD0', '2026-04-19 02:49:37', '2025-04-19 02:50:22', '2025-04-19 02:50:22'),
(14, 'eyJ0eXAiOiJKV1QiLCJhbGciOiJIUzI1NiJ9.eyJpc3MiOiJodHRwOi8vMTI3LjAuMC4xOjgwMDAvbG9naW4iLCJpYXQiOjE3NDUwNTYyMjksImV4cCI6MTc3NjU5MjIyOSwibmJmIjoxNzQ1MDU2MjI5LCJqdGkiOiJ2d29DRlZTZ1hvRnNMMWFrIiwic3ViIjoiMiIsInBydiI6IjIzYmQ1Yzg5NDlmNjAwYWRiMzllNzAxYzQwMDg3MmRiN2E1OTc2ZjcifQ.xBmZi1DYDw58fR2FYyHlvKuUdacbvgEB0Q_vF-UOguI', '2026-04-19 02:50:29', '2025-04-19 02:50:37', '2025-04-19 02:50:37'),
(15, 'eyJ0eXAiOiJKV1QiLCJhbGciOiJIUzI1NiJ9.eyJpc3MiOiJodHRwOi8vMTI3LjAuMC4xOjgwMDAvbG9naW4iLCJpYXQiOjE3NDUwNTYyNjUsImV4cCI6MTc3NjU5MjI2NSwibmJmIjoxNzQ1MDU2MjY1LCJqdGkiOiJNdjlsMnZOS29rZUpZWE9jIiwic3ViIjoiMSIsInBydiI6IjIzYmQ1Yzg5NDlmNjAwYWRiMzllNzAxYzQwMDg3MmRiN2E1OTc2ZjcifQ.MwDJuw5nk_NX9Gkh1wDWuoklgxGVWrJuE_lR6LU8SK4', '2026-04-19 02:51:05', '2025-04-19 02:51:20', '2025-04-19 02:51:20'),
(16, 'eyJ0eXAiOiJKV1QiLCJhbGciOiJIUzI1NiJ9.eyJpc3MiOiJodHRwOi8vMTI3LjAuMC4xOjgwMDAvbG9naW4iLCJpYXQiOjE3NDUwNTYyOTYsImV4cCI6MTc3NjU5MjI5NiwibmJmIjoxNzQ1MDU2Mjk2LCJqdGkiOiI3VU1ma2ZuYWt0OUt6S3Q1Iiwic3ViIjoiMiIsInBydiI6IjIzYmQ1Yzg5NDlmNjAwYWRiMzllNzAxYzQwMDg3MmRiN2E1OTc2ZjcifQ.o8BwajfuYSqUssJlyapm9d1IEbxkYfS9DoZELXjj_c4', '2026-04-19 02:51:36', '2025-04-19 04:13:07', '2025-04-19 04:13:07'),
(17, 'eyJ0eXAiOiJKV1QiLCJhbGciOiJIUzI1NiJ9.eyJpc3MiOiJodHRwOi8vMTI3LjAuMC4xOjgwMDAvbG9naW4iLCJpYXQiOjE3NDUwNjIyNDcsImV4cCI6MTc3NjU5ODI0NywibmJmIjoxNzQ1MDYyMjQ3LCJqdGkiOiJ6QTVSazF2elZLcDB5NlVwIiwic3ViIjoiMSIsInBydiI6IjIzYmQ1Yzg5NDlmNjAwYWRiMzllNzAxYzQwMDg3MmRiN2E1OTc2ZjcifQ.3dum1AmmubWlHBVSc7RMZ7loid8F-qxsU6dV-cjht6k', '2026-04-19 04:30:47', '2025-04-20 00:46:30', '2025-04-20 00:46:30'),
(18, 'eyJ0eXAiOiJKV1QiLCJhbGciOiJIUzI1NiJ9.eyJpc3MiOiJodHRwOi8vMTI3LjAuMC4xOjgwMDAvbG9naW4iLCJpYXQiOjE3NDUxMzcwOTYsImV4cCI6MTc3NjY3MzA5NiwibmJmIjoxNzQ1MTM3MDk2LCJqdGkiOiIwTVJlcjdJSWsxTURsNUhxIiwic3ViIjoiMiIsInBydiI6IjIzYmQ1Yzg5NDlmNjAwYWRiMzllNzAxYzQwMDg3MmRiN2E1OTc2ZjcifQ.5RVaRszDnIpN2HIGVNBWxoRRwssLHG4nRaiKf-yjzdI', '2026-04-20 01:18:16', '2025-04-20 01:18:27', '2025-04-20 01:18:27'),
(19, 'eyJ0eXAiOiJKV1QiLCJhbGciOiJIUzI1NiJ9.eyJpc3MiOiJodHRwOi8vMTI3LjAuMC4xOjgwMDAvbG9naW4iLCJpYXQiOjE3NDUxMzcxMTEsImV4cCI6MTc3NjY3MzExMSwibmJmIjoxNzQ1MTM3MTExLCJqdGkiOiJtd2R0TGJtd2JHaFFmWlFEIiwic3ViIjoiMSIsInBydiI6IjIzYmQ1Yzg5NDlmNjAwYWRiMzllNzAxYzQwMDg3MmRiN2E1OTc2ZjcifQ.xWzv7zmvAau2V4wmHw4f4FT0e0ERFb3W8JzYBkdcG0A', '2026-04-20 01:18:31', '2025-04-20 01:26:41', '2025-04-20 01:26:41'),
(20, 'eyJ0eXAiOiJKV1QiLCJhbGciOiJIUzI1NiJ9.eyJpc3MiOiJodHRwOi8vMTI3LjAuMC4xOjgwMDAvbG9naW4iLCJpYXQiOjE3NDUxMzc2MDYsImV4cCI6MTc3NjY3MzYwNiwibmJmIjoxNzQ1MTM3NjA2LCJqdGkiOiJlZk5VYWVSeHNIcmNQR0plIiwic3ViIjoiMiIsInBydiI6IjIzYmQ1Yzg5NDlmNjAwYWRiMzllNzAxYzQwMDg3MmRiN2E1OTc2ZjcifQ.WokmuZao9lOCYuPHFn6KuTu1u7P1PnjeoJ6K5i6mDD8', '2026-04-20 01:26:46', '2025-04-20 02:26:02', '2025-04-20 02:26:02'),
(21, 'eyJ0eXAiOiJKV1QiLCJhbGciOiJIUzI1NiJ9.eyJpc3MiOiJodHRwOi8vMTI3LjAuMC4xOjgwMDAvbG9naW4iLCJpYXQiOjE3NDUxNDExNjksImV4cCI6MTc3NjY3NzE2OSwibmJmIjoxNzQ1MTQxMTY5LCJqdGkiOiJ6Z0FqZFJ4ekxVV3R3QVEzIiwic3ViIjoiMSIsInBydiI6IjIzYmQ1Yzg5NDlmNjAwYWRiMzllNzAxYzQwMDg3MmRiN2E1OTc2ZjcifQ.2pnHjYqwUA0muOY5ozaXT_x6sPsEVs8GU62qQ63rUfU', '2026-04-20 02:26:09', '2025-04-20 02:43:39', '2025-04-20 02:43:39'),
(22, 'eyJ0eXAiOiJKV1QiLCJhbGciOiJIUzI1NiJ9.eyJpc3MiOiJodHRwOi8vMTI3LjAuMC4xOjgwMDAvbG9naW4iLCJpYXQiOjE3NDUxNDIyMjQsImV4cCI6MTc3NjY3ODIyNCwibmJmIjoxNzQ1MTQyMjI0LCJqdGkiOiJmcFJJNTFiYWtKbkxPdUtGIiwic3ViIjoiMSIsInBydiI6IjIzYmQ1Yzg5NDlmNjAwYWRiMzllNzAxYzQwMDg3MmRiN2E1OTc2ZjcifQ.UpHCM51AOMQBCeygVBn_gy4QhdentkBVPl85duoyu1o', '2026-04-20 02:43:44', '2025-04-21 01:41:26', '2025-04-21 01:41:26'),
(23, 'eyJ0eXAiOiJKV1QiLCJhbGciOiJIUzI1NiJ9.eyJpc3MiOiJodHRwOi8vMTI3LjAuMC4xOjgwMDAvbG9naW4iLCJpYXQiOjE3NDUyMjQ4OTEsImV4cCI6MTc3Njc2MDg5MSwibmJmIjoxNzQ1MjI0ODkxLCJqdGkiOiIzOXdYRUhhdFR1ZXJJbmgwIiwic3ViIjoiMiIsInBydiI6IjIzYmQ1Yzg5NDlmNjAwYWRiMzllNzAxYzQwMDg3MmRiN2E1OTc2ZjcifQ.SdbWnF2Wy486cDnugZftd1W14CoWFdd_kx78Lyw9D7E', '2026-04-21 01:41:31', '2025-04-21 03:24:06', '2025-04-21 03:24:06'),
(24, 'eyJ0eXAiOiJKV1QiLCJhbGciOiJIUzI1NiJ9.eyJpc3MiOiJodHRwOi8vMTI3LjAuMC4xOjgwMDAvbG9naW4iLCJpYXQiOjE3NDUyMzEwNTEsImV4cCI6MTc3Njc2NzA1MSwibmJmIjoxNzQ1MjMxMDUxLCJqdGkiOiJqNVg5dFdtcllIMlM2SDFXIiwic3ViIjoiMSIsInBydiI6IjIzYmQ1Yzg5NDlmNjAwYWRiMzllNzAxYzQwMDg3MmRiN2E1OTc2ZjcifQ.2wb0_Akz7DLBFd-_eh_0sNrURuW1tApb7MNwN7TtA1Y', '2026-04-21 03:24:11', '2025-04-21 03:24:51', '2025-04-21 03:24:51'),
(25, 'eyJ0eXAiOiJKV1QiLCJhbGciOiJIUzI1NiJ9.eyJpc3MiOiJodHRwOi8vMTI3LjAuMC4xOjgwMDAvbG9naW4iLCJpYXQiOjE3NDUyMzEwOTYsImV4cCI6MTc3Njc2NzA5NiwibmJmIjoxNzQ1MjMxMDk2LCJqdGkiOiJ0clZweEw4dWJScFhPd2tkIiwic3ViIjoiMiIsInBydiI6IjIzYmQ1Yzg5NDlmNjAwYWRiMzllNzAxYzQwMDg3MmRiN2E1OTc2ZjcifQ.yWog5coo1AoUn92YtTYVdP-Fm69VObNm4KosjG9rImY', '2026-04-21 03:24:56', '2025-04-21 03:26:30', '2025-04-21 03:26:30'),
(26, 'eyJ0eXAiOiJKV1QiLCJhbGciOiJIUzI1NiJ9.eyJpc3MiOiJodHRwOi8vMTI3LjAuMC4xOjgwMDAvbG9naW4iLCJpYXQiOjE3NDUyMzExOTYsImV4cCI6MTc3Njc2NzE5NiwibmJmIjoxNzQ1MjMxMTk2LCJqdGkiOiI5cFJYQ0pyaExxb29VaDBqIiwic3ViIjoiMSIsInBydiI6IjIzYmQ1Yzg5NDlmNjAwYWRiMzllNzAxYzQwMDg3MmRiN2E1OTc2ZjcifQ.h_fCohkVHfCP_zwMCqhthjOII1f0UYom_xkYnD0MfXs', '2026-04-21 03:26:36', '2025-04-21 21:16:55', '2025-04-21 21:16:55'),
(27, 'eyJ0eXAiOiJKV1QiLCJhbGciOiJIUzI1NiJ9.eyJpc3MiOiJodHRwOi8vMTI3LjAuMC4xOjgwMDAvbG9naW4iLCJpYXQiOjE3NDUyOTU4MDUsImV4cCI6MTc3NjgzMTgwNSwibmJmIjoxNzQ1Mjk1ODA1LCJqdGkiOiJpYmVFQVNrTnd6WWFnWTl5Iiwic3ViIjoiMSIsInBydiI6IjIzYmQ1Yzg5NDlmNjAwYWRiMzllNzAxYzQwMDg3MmRiN2E1OTc2ZjcifQ.PaopVNVHCngOAzvhFUQ6rIxPemBxAzoYzkGisHj-dxA', '2026-04-21 21:23:25', '2025-04-22 02:10:05', '2025-04-22 02:10:05'),
(28, 'eyJ0eXAiOiJKV1QiLCJhbGciOiJIUzI1NiJ9.eyJpc3MiOiJodHRwOi8vMTI3LjAuMC4xOjgwMDAvbG9naW4iLCJpYXQiOjE3NDUzMTMwMTEsImV4cCI6MTc3Njg0OTAxMSwibmJmIjoxNzQ1MzEzMDExLCJqdGkiOiJsc3M1OUd1R1cxYkpRWG4xIiwic3ViIjoiMiIsInBydiI6IjIzYmQ1Yzg5NDlmNjAwYWRiMzllNzAxYzQwMDg3MmRiN2E1OTc2ZjcifQ.saquwK6S4PgHKtRn2Khc0GA0VrtOSmHnCuSTxWr412s', '2026-04-22 02:10:11', '2025-04-22 02:11:36', '2025-04-22 02:11:36'),
(29, 'eyJ0eXAiOiJKV1QiLCJhbGciOiJIUzI1NiJ9.eyJpc3MiOiJodHRwOi8vMTI3LjAuMC4xOjgwMDAvbG9naW4iLCJpYXQiOjE3NDUzMTMxMDIsImV4cCI6MTc3Njg0OTEwMiwibmJmIjoxNzQ1MzEzMTAyLCJqdGkiOiJRTXM5OGtKT09KcUZDTm50Iiwic3ViIjoiMSIsInBydiI6IjIzYmQ1Yzg5NDlmNjAwYWRiMzllNzAxYzQwMDg3MmRiN2E1OTc2ZjcifQ.NYtl_V1HqKgOJtbu2PJTJqGOCMovSqJCD2AEb7FFIXk', '2026-04-22 02:11:42', '2025-04-23 00:53:15', '2025-04-23 00:53:15'),
(30, 'eyJ0eXAiOiJKV1QiLCJhbGciOiJIUzI1NiJ9.eyJpc3MiOiJodHRwOi8vMTI3LjAuMC4xOjgwMDAvbG9naW4iLCJpYXQiOjE3NDUyMzEyMjgsImV4cCI6MTc3Njc2NzIyOCwibmJmIjoxNzQ1MjMxMjI4LCJqdGkiOiJhQTczd3JIeTV5RlQ1eG41Iiwic3ViIjoiMiIsInBydiI6IjIzYmQ1Yzg5NDlmNjAwYWRiMzllNzAxYzQwMDg3MmRiN2E1OTc2ZjcifQ.XraGsbENuCyk9k1h-yvvuS1m-K4ar_LQanqz5xBIfrs', '2026-04-21 03:27:08', '2025-04-23 01:00:31', '2025-04-23 01:00:31'),
(31, 'eyJ0eXAiOiJKV1QiLCJhbGciOiJIUzI1NiJ9.eyJpc3MiOiJodHRwOi8vMTI3LjAuMC4xOjgwMDAvbG9naW4iLCJpYXQiOjE3NDUzOTQ4MDEsImV4cCI6MTc3NjkzMDgwMSwibmJmIjoxNzQ1Mzk0ODAxLCJqdGkiOiJ5U1hybktPUENFcWdUR1dLIiwic3ViIjoiMiIsInBydiI6IjIzYmQ1Yzg5NDlmNjAwYWRiMzllNzAxYzQwMDg3MmRiN2E1OTc2ZjcifQ.YAhfKiW2FPVjaJ0a-ys6wUQTxJ8f1q50VN3ll1SEAKw', '2026-04-23 00:53:21', '2025-04-23 03:11:58', '2025-04-23 03:11:58'),
(32, 'eyJ0eXAiOiJKV1QiLCJhbGciOiJIUzI1NiJ9.eyJpc3MiOiJodHRwOi8vMTI3LjAuMC4xOjgwMDAvbG9naW4iLCJpYXQiOjE3NDU0MDMxMjUsImV4cCI6MTc3NjkzOTEyNSwibmJmIjoxNzQ1NDAzMTI1LCJqdGkiOiJaUVRjeW82VEFLTUVEeDNzIiwic3ViIjoiMSIsInBydiI6IjIzYmQ1Yzg5NDlmNjAwYWRiMzllNzAxYzQwMDg3MmRiN2E1OTc2ZjcifQ.sycUj84BT7xUZi_HpvDW-msG_gKAxiQqJCJCF94kAkI', '2026-04-23 03:12:05', '2025-04-23 03:16:30', '2025-04-23 03:16:30'),
(33, 'eyJ0eXAiOiJKV1QiLCJhbGciOiJIUzI1NiJ9.eyJpc3MiOiJodHRwOi8vMTI3LjAuMC4xOjgwMDAvbG9naW4iLCJpYXQiOjE3NDU0MDMzOTUsImV4cCI6MTc3NjkzOTM5NSwibmJmIjoxNzQ1NDAzMzk1LCJqdGkiOiJQZVFKazVJODRJd1ZEZjcxIiwic3ViIjoiMiIsInBydiI6IjIzYmQ1Yzg5NDlmNjAwYWRiMzllNzAxYzQwMDg3MmRiN2E1OTc2ZjcifQ.z2QbMnt5XBz-CX7nCaV-jxXgBMFiYxCSVXNWT3vEWbE', '2026-04-23 03:16:35', '2025-04-23 03:35:41', '2025-04-23 03:35:41'),
(34, 'eyJ0eXAiOiJKV1QiLCJhbGciOiJIUzI1NiJ9.eyJpc3MiOiJodHRwOi8vMTI3LjAuMC4xOjgwMDAvbG9naW4iLCJpYXQiOjE3NDU0MDQ1NDYsImV4cCI6MTc3Njk0MDU0NiwibmJmIjoxNzQ1NDA0NTQ2LCJqdGkiOiI0dTk0R210WXJIV2w1U2JxIiwic3ViIjoiMSIsInBydiI6IjIzYmQ1Yzg5NDlmNjAwYWRiMzllNzAxYzQwMDg3MmRiN2E1OTc2ZjcifQ.2dOaM2truyu81rOlNR0Wlk1J8N-5LqIfDUWf1OBC7Hg', '2026-04-23 03:35:46', '2025-04-23 03:36:01', '2025-04-23 03:36:01'),
(35, 'eyJ0eXAiOiJKV1QiLCJhbGciOiJIUzI1NiJ9.eyJpc3MiOiJodHRwOi8vMTI3LjAuMC4xOjgwMDAvbG9naW4iLCJpYXQiOjE3NDU0MDQ1NjgsImV4cCI6MTc3Njk0MDU2OCwibmJmIjoxNzQ1NDA0NTY4LCJqdGkiOiI3VkhjdzBvQjNsbFcweUQ1Iiwic3ViIjoiMiIsInBydiI6IjIzYmQ1Yzg5NDlmNjAwYWRiMzllNzAxYzQwMDg3MmRiN2E1OTc2ZjcifQ.THwy3cwarprIKk7hGOxaPtaSSWiFyHseg4yWYaOut5M', '2026-04-23 03:36:08', '2025-04-23 04:19:46', '2025-04-23 04:19:46'),
(36, 'eyJ0eXAiOiJKV1QiLCJhbGciOiJIUzI1NiJ9.eyJpc3MiOiJodHRwOi8vMTI3LjAuMC4xOjgwMDAvbG9naW4iLCJpYXQiOjE3NDU0MDcxOTEsImV4cCI6MTc3Njk0MzE5MSwibmJmIjoxNzQ1NDA3MTkxLCJqdGkiOiJENlFmQkppSUk2UjNIbWg0Iiwic3ViIjoiMSIsInBydiI6IjIzYmQ1Yzg5NDlmNjAwYWRiMzllNzAxYzQwMDg3MmRiN2E1OTc2ZjcifQ.S0bk_N5dOcJnx8yPoi8ynSIBhvEb0_4XNrtohViRu50', '2026-04-23 04:19:51', '2025-04-23 04:20:19', '2025-04-23 04:20:19'),
(37, 'eyJ0eXAiOiJKV1QiLCJhbGciOiJIUzI1NiJ9.eyJpc3MiOiJodHRwOi8vMTI3LjAuMC4xOjgwMDAvbG9naW4iLCJpYXQiOjE3NDU0MDcyMjQsImV4cCI6MTc3Njk0MzIyNCwibmJmIjoxNzQ1NDA3MjI0LCJqdGkiOiJBNW9IbVZZeUY2V2pWZlVmIiwic3ViIjoiMiIsInBydiI6IjIzYmQ1Yzg5NDlmNjAwYWRiMzllNzAxYzQwMDg3MmRiN2E1OTc2ZjcifQ.0--gLPux7lANQBafJpdcoKsJA0uA4OLXPXNFryK-t9Q', '2026-04-23 04:20:24', '2025-04-23 23:26:59', '2025-04-23 23:26:59'),
(38, 'eyJ0eXAiOiJKV1QiLCJhbGciOiJIUzI1NiJ9.eyJpc3MiOiJodHRwOi8vMTI3LjAuMC4xOjgwMDAvbG9naW4iLCJpYXQiOjE3NDU0NzYwMjYsImV4cCI6MTc3NzAxMjAyNiwibmJmIjoxNzQ1NDc2MDI2LCJqdGkiOiJJbzA4dncxZWtFaVdkTUNEIiwic3ViIjoiMiIsInBydiI6IjIzYmQ1Yzg5NDlmNjAwYWRiMzllNzAxYzQwMDg3MmRiN2E1OTc2ZjcifQ.MFV8lPmk3GGJ4KxabPOF2tQZFUnvVF2tmPz3vORjbks', '2026-04-23 23:27:06', '2025-04-23 23:35:30', '2025-04-23 23:35:30'),
(39, 'eyJ0eXAiOiJKV1QiLCJhbGciOiJIUzI1NiJ9.eyJpc3MiOiJodHRwOi8vMTI3LjAuMC4xOjgwMDAvbG9naW4iLCJpYXQiOjE3NDU0NzY1MzcsImV4cCI6MTc3NzAxMjUzNywibmJmIjoxNzQ1NDc2NTM3LCJqdGkiOiJRQk16TjVnOXlCdkhqeDdZIiwic3ViIjoiMSIsInBydiI6IjIzYmQ1Yzg5NDlmNjAwYWRiMzllNzAxYzQwMDg3MmRiN2E1OTc2ZjcifQ.F0qpmzeZRA85M0YdUqdGWR-MSB0dviGam4-61W2D-mU', '2026-04-23 23:35:37', '2025-04-24 01:06:53', '2025-04-24 01:06:53'),
(40, 'eyJ0eXAiOiJKV1QiLCJhbGciOiJIUzI1NiJ9.eyJpc3MiOiJodHRwOi8vMTI3LjAuMC4xOjgwMDAvbG9naW4iLCJpYXQiOjE3NDU0ODIwMjEsImV4cCI6MTc3NzAxODAyMSwibmJmIjoxNzQ1NDgyMDIxLCJqdGkiOiJ0NlZDSFVDNDhhdW9lSUowIiwic3ViIjoiMiIsInBydiI6IjIzYmQ1Yzg5NDlmNjAwYWRiMzllNzAxYzQwMDg3MmRiN2E1OTc2ZjcifQ.6pSek9lPXbkZRXTYPTK7LcNjZpD8XJ6Gspl8werhrEc', '2026-04-24 01:07:01', '2025-04-24 01:38:42', '2025-04-24 01:38:42'),
(41, 'eyJ0eXAiOiJKV1QiLCJhbGciOiJIUzI1NiJ9.eyJpc3MiOiJodHRwOi8vMTI3LjAuMC4xOjgwMDAvbG9naW4iLCJpYXQiOjE3NDU0ODM5MjgsImV4cCI6MTc3NzAxOTkyOCwibmJmIjoxNzQ1NDgzOTI4LCJqdGkiOiJma2FtMmIzbGF5czh1Rm52Iiwic3ViIjoiMSIsInBydiI6IjIzYmQ1Yzg5NDlmNjAwYWRiMzllNzAxYzQwMDg3MmRiN2E1OTc2ZjcifQ.2EVRafGlz56bWwow8J3-NsmywAeM9EjyM76Xv841aAQ', '2026-04-24 01:38:48', '2025-04-24 03:00:42', '2025-04-24 03:00:42'),
(42, 'eyJ0eXAiOiJKV1QiLCJhbGciOiJIUzI1NiJ9.eyJpc3MiOiJodHRwOi8vMTI3LjAuMC4xOjgwMDAvbG9naW4iLCJpYXQiOjE3NDU0ODg4NDcsImV4cCI6MTc3NzAyNDg0NywibmJmIjoxNzQ1NDg4ODQ3LCJqdGkiOiJtRU50MFRjT2dRQmJCYUpWIiwic3ViIjoiMiIsInBydiI6IjIzYmQ1Yzg5NDlmNjAwYWRiMzllNzAxYzQwMDg3MmRiN2E1OTc2ZjcifQ.pNBO3gEA9u6xBRALOY8fHj_j6mtCg_LmcV1_dYsphf4', '2026-04-24 03:00:47', '2025-04-24 19:35:18', '2025-04-24 19:35:18'),
(43, 'eyJ0eXAiOiJKV1QiLCJhbGciOiJIUzI1NiJ9.eyJpc3MiOiJodHRwOi8vMTI3LjAuMC4xOjgwMDAvbG9naW4iLCJpYXQiOjE3NDU1NDg1MjYsImV4cCI6MTc3NzA4NDUyNiwibmJmIjoxNzQ1NTQ4NTI2LCJqdGkiOiJVTjBHaEk0cnFLU0gxSW94Iiwic3ViIjoiMSIsInBydiI6IjIzYmQ1Yzg5NDlmNjAwYWRiMzllNzAxYzQwMDg3MmRiN2E1OTc2ZjcifQ.kFjm7wiDhcbAj1VRqfslCycej6Lo3LrplGIKdjFQhHI', '2026-04-24 19:35:26', '2025-04-24 19:43:34', '2025-04-24 19:43:34'),
(44, 'eyJ0eXAiOiJKV1QiLCJhbGciOiJIUzI1NiJ9.eyJpc3MiOiJodHRwOi8vMTI3LjAuMC4xOjgwMDAvbG9naW4iLCJpYXQiOjE3NDU1NDkyNTMsImV4cCI6MTc3NzA4NTI1MywibmJmIjoxNzQ1NTQ5MjUzLCJqdGkiOiJKYTljbzlGZ09aZFg4RlNPIiwic3ViIjoiMiIsInBydiI6IjIzYmQ1Yzg5NDlmNjAwYWRiMzllNzAxYzQwMDg3MmRiN2E1OTc2ZjcifQ.8vOjleO6oN3mbE_5LsXf99TKvWpnote40MM8ihX_B9c', '2026-04-24 19:47:33', '2025-04-25 00:57:47', '2025-04-25 00:57:47'),
(45, 'eyJ0eXAiOiJKV1QiLCJhbGciOiJIUzI1NiJ9.eyJpc3MiOiJodHRwOi8vMTI3LjAuMC4xOjgwMDAvbG9naW4iLCJpYXQiOjE3NDU2NzkxODQsImV4cCI6MTc3NzIxNTE4NCwibmJmIjoxNzQ1Njc5MTg0LCJqdGkiOiJlZ1pjN0xpSjVCcUozbUNZIiwic3ViIjoiMiIsInBydiI6IjIzYmQ1Yzg5NDlmNjAwYWRiMzllNzAxYzQwMDg3MmRiN2E1OTc2ZjcifQ.usnGPng8Gx4pqIPE9C4Wsrrqxq047HLLWfi-rHGWvPY', '2026-04-26 07:53:04', '2025-04-28 00:05:49', '2025-04-28 00:05:49'),
(46, 'eyJ0eXAiOiJKV1QiLCJhbGciOiJIUzI1NiJ9.eyJpc3MiOiJodHRwOi8vMTI3LjAuMC4xOjgwMDAvbG9naW4iLCJpYXQiOjE3NDU4MjM5NTQsImV4cCI6MTc3NzM1OTk1NCwibmJmIjoxNzQ1ODIzOTU0LCJqdGkiOiI5TmRPQVFYVDZObU9UWXNMIiwic3ViIjoiMSIsInBydiI6IjIzYmQ1Yzg5NDlmNjAwYWRiMzllNzAxYzQwMDg3MmRiN2E1OTc2ZjcifQ.xSalyM8Hrc9a4gQxkFYCGpfNW3ywT-1EOLEfIIQGHBk', '2026-04-28 00:05:54', '2025-04-28 00:06:24', '2025-04-28 00:06:24'),
(47, 'eyJ0eXAiOiJKV1QiLCJhbGciOiJIUzI1NiJ9.eyJpc3MiOiJodHRwOi8vMTI3LjAuMC4xOjgwMDAvbG9naW4iLCJpYXQiOjE3NDU4MjM5ODksImV4cCI6MTc3NzM1OTk4OSwibmJmIjoxNzQ1ODIzOTg5LCJqdGkiOiJXdVNoV1g5R1FrSTFwazFsIiwic3ViIjoiMiIsInBydiI6IjIzYmQ1Yzg5NDlmNjAwYWRiMzllNzAxYzQwMDg3MmRiN2E1OTc2ZjcifQ.c7R6vIxZv1SjNBE3MKnSl-rKvuU8oIFmN2OasExTrfc', '2026-04-28 00:06:29', '2025-04-28 00:10:24', '2025-04-28 00:10:24'),
(48, 'eyJ0eXAiOiJKV1QiLCJhbGciOiJIUzI1NiJ9.eyJpc3MiOiJodHRwOi8vMTI3LjAuMC4xOjgwMDAvbG9naW4iLCJpYXQiOjE3NDU5MTEwNjYsImV4cCI6MTc3NzQ0NzA2NiwibmJmIjoxNzQ1OTExMDY2LCJqdGkiOiJoU2lYVlkwOFM5NER6OWRrIiwic3ViIjoiMiIsInBydiI6IjIzYmQ1Yzg5NDlmNjAwYWRiMzllNzAxYzQwMDg3MmRiN2E1OTc2ZjcifQ.KEj3iaSGibveYznnuqEufuvzMb7N_s76srLsAkm58mA', '2026-04-29 00:17:46', '2025-04-29 00:39:48', '2025-04-29 00:39:48'),
(49, 'eyJ0eXAiOiJKV1QiLCJhbGciOiJIUzI1NiJ9.eyJpc3MiOiJodHRwOi8vMTI3LjAuMC4xOjgwMDAvbG9naW4iLCJpYXQiOjE3NDU5MTIzOTIsImV4cCI6MTc3NzQ0ODM5MiwibmJmIjoxNzQ1OTEyMzkyLCJqdGkiOiJzekZRSFFuMnhmOG0wUzFDIiwic3ViIjoiMiIsInBydiI6IjIzYmQ1Yzg5NDlmNjAwYWRiMzllNzAxYzQwMDg3MmRiN2E1OTc2ZjcifQ.WKqgdMULvK7EQOrsq8gpaRAinBsM8KEF2gvc6-P2bjc', '2026-04-29 00:39:52', '2025-04-29 01:29:38', '2025-04-29 01:29:38'),
(50, 'eyJ0eXAiOiJKV1QiLCJhbGciOiJIUzI1NiJ9.eyJpc3MiOiJodHRwOi8vMTI3LjAuMC4xOjgwMDAvbG9naW4iLCJpYXQiOjE3NDU5MTUzODMsImV4cCI6MTc3NzQ1MTM4MywibmJmIjoxNzQ1OTE1MzgzLCJqdGkiOiJJclpVM1lqa0pJWm9KRWtyIiwic3ViIjoiMSIsInBydiI6IjIzYmQ1Yzg5NDlmNjAwYWRiMzllNzAxYzQwMDg3MmRiN2E1OTc2ZjcifQ.nSiOg_-0eniLoP84tkvwdVWJjIRB52wO92_K8aec3P0', '2026-04-29 01:29:43', '2025-04-29 01:31:17', '2025-04-29 01:31:17'),
(51, 'eyJ0eXAiOiJKV1QiLCJhbGciOiJIUzI1NiJ9.eyJpc3MiOiJodHRwOi8vMTI3LjAuMC4xOjgwMDAvbG9naW4iLCJpYXQiOjE3NDU5MTU0ODQsImV4cCI6MTc3NzQ1MTQ4NCwibmJmIjoxNzQ1OTE1NDg0LCJqdGkiOiJDeDR4cTlGUVVmZWppcGN3Iiwic3ViIjoiMiIsInBydiI6IjIzYmQ1Yzg5NDlmNjAwYWRiMzllNzAxYzQwMDg3MmRiN2E1OTc2ZjcifQ.JuVzXfA7Md--Y_KUWFmCK8OiKncdSDvtiLKJn0tQ-30', '2026-04-29 01:31:24', '2025-04-29 01:33:26', '2025-04-29 01:33:26'),
(52, 'eyJ0eXAiOiJKV1QiLCJhbGciOiJIUzI1NiJ9.eyJpc3MiOiJodHRwOi8vMTI3LjAuMC4xOjgwMDAvbG9naW4iLCJpYXQiOjE3NDU5MTU2MTAsImV4cCI6MTc3NzQ1MTYxMCwibmJmIjoxNzQ1OTE1NjEwLCJqdGkiOiJ1YlQzT2MyaG54d0NqZEJGIiwic3ViIjoiMSIsInBydiI6IjIzYmQ1Yzg5NDlmNjAwYWRiMzllNzAxYzQwMDg3MmRiN2E1OTc2ZjcifQ.ogZ5hsME9-lJegm__WouisC2HF7vScU8AkvDxD5bQRo', '2026-04-29 01:33:30', '2025-04-29 01:34:17', '2025-04-29 01:34:17'),
(53, 'eyJ0eXAiOiJKV1QiLCJhbGciOiJIUzI1NiJ9.eyJpc3MiOiJodHRwOi8vMTI3LjAuMC4xOjgwMDAvbG9naW4iLCJpYXQiOjE3NDU5MTU2NjEsImV4cCI6MTc3NzQ1MTY2MSwibmJmIjoxNzQ1OTE1NjYxLCJqdGkiOiJpRjk3SU5UczcxQlFkOUNvIiwic3ViIjoiMiIsInBydiI6IjIzYmQ1Yzg5NDlmNjAwYWRiMzllNzAxYzQwMDg3MmRiN2E1OTc2ZjcifQ.tLAnDMLPMnGVtHuomVyIKcfVubYDJQU879B8Q_JCzm8', '2026-04-29 01:34:21', '2025-04-29 01:55:07', '2025-04-29 01:55:07'),
(54, 'eyJ0eXAiOiJKV1QiLCJhbGciOiJIUzI1NiJ9.eyJpc3MiOiJodHRwOi8vMTI3LjAuMC4xOjgwMDAvbG9naW4iLCJpYXQiOjE3NDU5MTY5MTIsImV4cCI6MTc3NzQ1MjkxMiwibmJmIjoxNzQ1OTE2OTEyLCJqdGkiOiJGaEdkYmN6Q0pjcXVjUWFZIiwic3ViIjoiMSIsInBydiI6IjIzYmQ1Yzg5NDlmNjAwYWRiMzllNzAxYzQwMDg3MmRiN2E1OTc2ZjcifQ.mqU5Ddg705AZ_SczkHa8F1dTfdyNhB5qyg3EdR62OI4', '2026-04-29 01:55:12', '2025-04-29 02:10:41', '2025-04-29 02:10:41'),
(55, 'eyJ0eXAiOiJKV1QiLCJhbGciOiJIUzI1NiJ9.eyJpc3MiOiJodHRwOi8vMTI3LjAuMC4xOjgwMDAvbG9naW4iLCJpYXQiOjE3NDU5MTc4NTAsImV4cCI6MTc3NzQ1Mzg1MCwibmJmIjoxNzQ1OTE3ODUwLCJqdGkiOiJNZkxxNXlTSVplN1dGTzNxIiwic3ViIjoiMiIsInBydiI6IjIzYmQ1Yzg5NDlmNjAwYWRiMzllNzAxYzQwMDg3MmRiN2E1OTc2ZjcifQ.gMAUSCyjAHybpQ5B1JIiNipIj12dpK_StwqaoRTDYes', '2026-04-29 02:10:50', '2025-04-29 02:55:56', '2025-04-29 02:55:56'),
(56, 'eyJ0eXAiOiJKV1QiLCJhbGciOiJIUzI1NiJ9.eyJpc3MiOiJodHRwOi8vMTI3LjAuMC4xOjgwMDAvbG9naW4iLCJpYXQiOjE3NDU5MjA1NjUsImV4cCI6MTc3NzQ1NjU2NSwibmJmIjoxNzQ1OTIwNTY1LCJqdGkiOiJQYVowSE80cFBZZE5IZGwyIiwic3ViIjoiMSIsInBydiI6IjIzYmQ1Yzg5NDlmNjAwYWRiMzllNzAxYzQwMDg3MmRiN2E1OTc2ZjcifQ.AxCxFP7WpnS59wvwk4r0PuC17w7lLElv_TdFegDcsJA', '2026-04-29 02:56:05', '2025-04-29 02:57:01', '2025-04-29 02:57:01'),
(57, 'eyJ0eXAiOiJKV1QiLCJhbGciOiJIUzI1NiJ9.eyJpc3MiOiJodHRwOi8vMTI3LjAuMC4xOjgwMDAvbG9naW4iLCJpYXQiOjE3NDU5MjA2MjUsImV4cCI6MTc3NzQ1NjYyNSwibmJmIjoxNzQ1OTIwNjI1LCJqdGkiOiJjTmo2ZHJZTGFHYmJ5OUdtIiwic3ViIjoiMiIsInBydiI6IjIzYmQ1Yzg5NDlmNjAwYWRiMzllNzAxYzQwMDg3MmRiN2E1OTc2ZjcifQ.ckioI-7RmmoPv3PXPQ_QJ_w5RhPuojv2j44KjunhM8Y', '2026-04-29 02:57:05', '2025-04-29 02:59:05', '2025-04-29 02:59:05'),
(58, 'eyJ0eXAiOiJKV1QiLCJhbGciOiJIUzI1NiJ9.eyJpc3MiOiJodHRwOi8vMTI3LjAuMC4xOjgwMDAvbG9naW4iLCJpYXQiOjE3NDU5MjA3NDksImV4cCI6MTc3NzQ1Njc0OSwibmJmIjoxNzQ1OTIwNzQ5LCJqdGkiOiJXRzZQaWtpQXd0bFM3bWRhIiwic3ViIjoiMSIsInBydiI6IjIzYmQ1Yzg5NDlmNjAwYWRiMzllNzAxYzQwMDg3MmRiN2E1OTc2ZjcifQ.lysqIgZGkUw6qgqXDEuJiN2ylFBNfymlQlln4cLBLn4', '2026-04-29 02:59:09', '2025-05-06 00:39:17', '2025-05-06 00:39:17'),
(59, 'eyJ0eXAiOiJKV1QiLCJhbGciOiJIUzI1NiJ9.eyJpc3MiOiJodHRwOi8vMTI3LjAuMC4xOjgwMDAvbG9naW4iLCJpYXQiOjE3NDY1MTcxNjksImV4cCI6MTc3ODA1MzE2OSwibmJmIjoxNzQ2NTE3MTY5LCJqdGkiOiJxc3NWZDVVSEE4cFNwd2J4Iiwic3ViIjoiMiIsInBydiI6IjIzYmQ1Yzg5NDlmNjAwYWRiMzllNzAxYzQwMDg3MmRiN2E1OTc2ZjcifQ.H8ThSnhMFGpCFjnyhLx3w39TSDoPZhYSxitNv9-zZkg', '2026-05-06 00:39:29', '2025-05-06 00:41:54', '2025-05-06 00:41:54'),
(60, 'eyJ0eXAiOiJKV1QiLCJhbGciOiJIUzI1NiJ9.eyJpc3MiOiJodHRwOi8vMTI3LjAuMC4xOjgwMDAvbG9naW4iLCJpYXQiOjE3NDY1MTgxODUsImV4cCI6MTc3ODA1NDE4NSwibmJmIjoxNzQ2NTE4MTg1LCJqdGkiOiJNYnc0SWZqUlRCQU9kcDdOIiwic3ViIjoiMiIsInBydiI6IjIzYmQ1Yzg5NDlmNjAwYWRiMzllNzAxYzQwMDg3MmRiN2E1OTc2ZjcifQ.Yvi28vz3IygrOi2_yUNhGetkxq5s0xG4tSuUD1UpN3M', '2026-05-06 00:56:25', '2025-05-06 00:59:58', '2025-05-06 00:59:58'),
(61, 'eyJ0eXAiOiJKV1QiLCJhbGciOiJIUzI1NiJ9.eyJpc3MiOiJodHRwOi8vMTI3LjAuMC4xOjgwMDAvbG9naW4iLCJpYXQiOjE3NDY1MTg2NDQsImV4cCI6MTc3ODA1NDY0NCwibmJmIjoxNzQ2NTE4NjQ0LCJqdGkiOiI2THU0ZktlcEpVQzVDdVBHIiwic3ViIjoiMiIsInBydiI6IjIzYmQ1Yzg5NDlmNjAwYWRiMzllNzAxYzQwMDg3MmRiN2E1OTc2ZjcifQ.1r0xDvmRYSWPl6raovEwln7luHW6C34u1g3xAvU9CQM', '2026-05-06 01:04:04', '2025-05-06 01:04:29', '2025-05-06 01:04:29'),
(62, 'eyJ0eXAiOiJKV1QiLCJhbGciOiJIUzI1NiJ9.eyJpc3MiOiJodHRwOi8vMTI3LjAuMC4xOjgwMDAvbG9naW4iLCJpYXQiOjE3NDY1MTg4NjksImV4cCI6MTc3ODA1NDg2OSwibmJmIjoxNzQ2NTE4ODY5LCJqdGkiOiJHZHdIYld3STlqRHl0bXBUIiwic3ViIjoiMiIsInBydiI6IjIzYmQ1Yzg5NDlmNjAwYWRiMzllNzAxYzQwMDg3MmRiN2E1OTc2ZjcifQ.Av_u6jy6Q7OleDWnYkr1sqCDe4F-NYGhCgzpuliF4ZU', '2026-05-06 01:07:49', '2025-05-06 01:13:01', '2025-05-06 01:13:01'),
(63, 'eyJ0eXAiOiJKV1QiLCJhbGciOiJIUzI1NiJ9.eyJpc3MiOiJodHRwOi8vMTI3LjAuMC4xOjgwMDAvbG9naW4iLCJpYXQiOjE3NDY1MTk0NTAsImV4cCI6MTc3ODA1NTQ1MCwibmJmIjoxNzQ2NTE5NDUwLCJqdGkiOiJKU0o5cGhFZm9hc002dFVYIiwic3ViIjoiMiIsInBydiI6IjIzYmQ1Yzg5NDlmNjAwYWRiMzllNzAxYzQwMDg3MmRiN2E1OTc2ZjcifQ.8GtcxI6nGf7gvGtAYGaQ3TrcZ1c8gbU9qXY6uxXz0J0', '2026-05-06 01:17:30', '2025-05-06 01:17:59', '2025-05-06 01:17:59'),
(64, 'eyJ0eXAiOiJKV1QiLCJhbGciOiJIUzI1NiJ9.eyJpc3MiOiJodHRwOi8vMTI3LjAuMC4xOjgwMDAvbG9naW4iLCJpYXQiOjE3NDY1MjAzNDEsImV4cCI6MTc3ODA1NjM0MSwibmJmIjoxNzQ2NTIwMzQxLCJqdGkiOiJCVzNXTE9GYldtdTNCM2h4Iiwic3ViIjoiMiIsInBydiI6IjIzYmQ1Yzg5NDlmNjAwYWRiMzllNzAxYzQwMDg3MmRiN2E1OTc2ZjcifQ.ISZexXdpbcmfcZADZTf_5CVx6DNnqaS8v9UglO7LOyM', '2026-05-06 01:32:21', '2025-05-06 01:32:48', '2025-05-06 01:32:48'),
(65, 'eyJ0eXAiOiJKV1QiLCJhbGciOiJIUzI1NiJ9.eyJpc3MiOiJodHRwOi8vMTI3LjAuMC4xOjgwMDAvbG9naW4iLCJpYXQiOjE3NDY1MjA3NzksImV4cCI6MTc3ODA1Njc3OSwibmJmIjoxNzQ2NTIwNzc5LCJqdGkiOiJVYjNzSUI3SkxDTkpJdVU2Iiwic3ViIjoiMiIsInBydiI6IjIzYmQ1Yzg5NDlmNjAwYWRiMzllNzAxYzQwMDg3MmRiN2E1OTc2ZjcifQ.7L3bw-20_MA7IjcVglfzXSW2uuU-EPllNYG7-iEiV5I', '2026-05-06 01:39:39', '2025-05-06 01:39:44', '2025-05-06 01:39:44'),
(66, 'eyJ0eXAiOiJKV1QiLCJhbGciOiJIUzI1NiJ9.eyJpc3MiOiJodHRwOi8vMTI3LjAuMC4xOjgwMDAvbG9naW4iLCJpYXQiOjE3NDY1MjA5NTUsImV4cCI6MTc3ODA1Njk1NSwibmJmIjoxNzQ2NTIwOTU1LCJqdGkiOiI4VHhsMEpUcWxrNlNFd0JNIiwic3ViIjoiMiIsInBydiI6IjIzYmQ1Yzg5NDlmNjAwYWRiMzllNzAxYzQwMDg3MmRiN2E1OTc2ZjcifQ.aXiwr0uOFR2zOSKJx4Kl9w1GOa25ptecg6HBpeP06lY', '2026-05-06 01:42:35', '2025-05-06 01:42:41', '2025-05-06 01:42:41'),
(67, 'eyJ0eXAiOiJKV1QiLCJhbGciOiJIUzI1NiJ9.eyJpc3MiOiJodHRwOi8vMTI3LjAuMC4xOjgwMDAvbG9naW4iLCJpYXQiOjE3NDY1MjEwODQsImV4cCI6MTc3ODA1NzA4NCwibmJmIjoxNzQ2NTIxMDg0LCJqdGkiOiJWdFFIaTNvZ3hEd0V6ZE5YIiwic3ViIjoiMiIsInBydiI6IjIzYmQ1Yzg5NDlmNjAwYWRiMzllNzAxYzQwMDg3MmRiN2E1OTc2ZjcifQ.g59LruVRQ2Am-ae_vIBtqgC-TojEthWqWuBWqXg3hYc', '2026-05-06 01:44:44', '2025-05-06 01:44:59', '2025-05-06 01:44:59'),
(68, 'eyJ0eXAiOiJKV1QiLCJhbGciOiJIUzI1NiJ9.eyJpc3MiOiJodHRwOi8vMTI3LjAuMC4xOjgwMDAvbG9naW4iLCJpYXQiOjE3NDY1MjIxNzAsImV4cCI6MTc3ODA1ODE3MCwibmJmIjoxNzQ2NTIyMTcwLCJqdGkiOiIxd0NJVE5MZXBMS09iMmI4Iiwic3ViIjoiMiIsInBydiI6IjIzYmQ1Yzg5NDlmNjAwYWRiMzllNzAxYzQwMDg3MmRiN2E1OTc2ZjcifQ.zoc4_2sM0fy1-88av-64eK75MmbWteRWkATH6s9dy_E', '2026-05-06 02:02:50', '2025-05-06 02:03:00', '2025-05-06 02:03:00'),
(69, 'eyJ0eXAiOiJKV1QiLCJhbGciOiJIUzI1NiJ9.eyJpc3MiOiJodHRwOi8vMTI3LjAuMC4xOjgwMDAvbG9naW4iLCJpYXQiOjE3NDY1MjI0ODQsImV4cCI6MTc3ODA1ODQ4NCwibmJmIjoxNzQ2NTIyNDg0LCJqdGkiOiIyR1hyUUhJMmowbzVYTTZ6Iiwic3ViIjoiMiIsInBydiI6IjIzYmQ1Yzg5NDlmNjAwYWRiMzllNzAxYzQwMDg3MmRiN2E1OTc2ZjcifQ.YnIPwyI38mDQMKQ_WtJOCbmGm7qVJQcsaCusdsBKuws', '2026-05-06 02:08:04', '2025-05-07 00:45:12', '2025-05-07 00:45:12'),
(70, 'eyJ0eXAiOiJKV1QiLCJhbGciOiJIUzI1NiJ9.eyJpc3MiOiJodHRwOi8vMTI3LjAuMC4xOjgwMDAvbG9naW4iLCJpYXQiOjE3NDY2MDM5MTYsImV4cCI6MTc3ODEzOTkxNiwibmJmIjoxNzQ2NjAzOTE2LCJqdGkiOiJOdlR6V3RJSUEwOUw4SE5QIiwic3ViIjoiMiIsInBydiI6IjIzYmQ1Yzg5NDlmNjAwYWRiMzllNzAxYzQwMDg3MmRiN2E1OTc2ZjcifQ.kzjDC4NV_bD7oFel1legB89k76Y-Pu033u1fies-FO0', '2026-05-07 00:45:16', '2025-05-07 00:51:55', '2025-05-07 00:51:55'),
(71, 'eyJ0eXAiOiJKV1QiLCJhbGciOiJIUzI1NiJ9.eyJpc3MiOiJodHRwOi8vMTI3LjAuMC4xOjgwMDAvbG9naW4iLCJpYXQiOjE3NDY2MDQzMjYsImV4cCI6MTc3ODE0MDMyNiwibmJmIjoxNzQ2NjA0MzI2LCJqdGkiOiJHMkhLaUREQUJiejljeHJZIiwic3ViIjoiMiIsInBydiI6IjIzYmQ1Yzg5NDlmNjAwYWRiMzllNzAxYzQwMDg3MmRiN2E1OTc2ZjcifQ.rhDlhg8W-wDPSqY5oVJ9V0lHUsvAVpViI-KfbXLObhY', '2026-05-07 00:52:06', '2025-05-07 02:31:39', '2025-05-07 02:31:39'),
(72, 'eyJ0eXAiOiJKV1QiLCJhbGciOiJIUzI1NiJ9.eyJpc3MiOiJodHRwOi8vMTI3LjAuMC4xOjgwMDAvbG9naW4iLCJpYXQiOjE3NDY2MTAzMjcsImV4cCI6MTc3ODE0NjMyNywibmJmIjoxNzQ2NjEwMzI3LCJqdGkiOiJHQ2k0NVJ3S2JJMlJ5ZFdFIiwic3ViIjoiMiIsInBydiI6IjIzYmQ1Yzg5NDlmNjAwYWRiMzllNzAxYzQwMDg3MmRiN2E1OTc2ZjcifQ.K2pBxOle-UeVJOhOR08fPiY6m_cC1xEgT8TOP9NcDwI', '2026-05-07 02:32:07', '2025-05-07 02:33:53', '2025-05-07 02:33:53'),
(73, 'eyJ0eXAiOiJKV1QiLCJhbGciOiJIUzI1NiJ9.eyJpc3MiOiJodHRwOi8vMTI3LjAuMC4xOjgwMDAvbG9naW4iLCJpYXQiOjE3NDY2MTA1MzIsImV4cCI6MTc3ODE0NjUzMiwibmJmIjoxNzQ2NjEwNTMyLCJqdGkiOiJybEFvT0VDTkJ6WnVaZFpNIiwic3ViIjoiMiIsInBydiI6IjIzYmQ1Yzg5NDlmNjAwYWRiMzllNzAxYzQwMDg3MmRiN2E1OTc2ZjcifQ.a3c1C2u0ODavyIFZpIk0XRkFuApBJH1s3afzTyOjhp8', '2026-05-07 02:35:32', '2025-05-07 02:38:01', '2025-05-07 02:38:01'),
(74, 'eyJ0eXAiOiJKV1QiLCJhbGciOiJIUzI1NiJ9.eyJpc3MiOiJodHRwOi8vMTI3LjAuMC4xOjgwMDAvbG9naW4iLCJpYXQiOjE3NDY2MTA2ODQsImV4cCI6MTc3ODE0NjY4NCwibmJmIjoxNzQ2NjEwNjg0LCJqdGkiOiJ0WmtpMDhRRmZmejRsWHNLIiwic3ViIjoiMiIsInBydiI6IjIzYmQ1Yzg5NDlmNjAwYWRiMzllNzAxYzQwMDg3MmRiN2E1OTc2ZjcifQ.ueu9t4_O_BALjaBbqRrVKXcM7jHvOkvJEMxGlmUvEY4', '2026-05-07 02:38:04', '2025-05-07 02:40:49', '2025-05-07 02:40:49'),
(75, 'eyJ0eXAiOiJKV1QiLCJhbGciOiJIUzI1NiJ9.eyJpc3MiOiJodHRwOi8vMTI3LjAuMC4xOjgwMDAvbG9naW4iLCJpYXQiOjE3NDY2MTA4NTEsImV4cCI6MTc3ODE0Njg1MSwibmJmIjoxNzQ2NjEwODUxLCJqdGkiOiIwY05qRWY5TGpKU0hQUTBoIiwic3ViIjoiMiIsInBydiI6IjIzYmQ1Yzg5NDlmNjAwYWRiMzllNzAxYzQwMDg3MmRiN2E1OTc2ZjcifQ.yS2XqY9hXTGysW-JSPm-BTRWSLXZCuWNf_KqyFD-7pk', '2026-05-07 02:40:51', '2025-05-07 02:42:28', '2025-05-07 02:42:28'),
(76, 'eyJ0eXAiOiJKV1QiLCJhbGciOiJIUzI1NiJ9.eyJpc3MiOiJodHRwOi8vMTI3LjAuMC4xOjgwMDAvbG9naW4iLCJpYXQiOjE3NDY2MTA5NTUsImV4cCI6MTc3ODE0Njk1NSwibmJmIjoxNzQ2NjEwOTU1LCJqdGkiOiJWcVhyRUJ3TTQxYzQzRm96Iiwic3ViIjoiMSIsInBydiI6IjIzYmQ1Yzg5NDlmNjAwYWRiMzllNzAxYzQwMDg3MmRiN2E1OTc2ZjcifQ.kkMHFm6n9MtOC4DeXbTkQNpgNUxteLQ9kc09AF-2xZ8', '2026-05-07 02:42:35', '2025-05-10 01:40:34', '2025-05-10 01:40:34'),
(77, 'eyJ0eXAiOiJKV1QiLCJhbGciOiJIUzI1NiJ9.eyJpc3MiOiJodHRwOi8vMTI3LjAuMC4xOjgwMDAvbG9naW4iLCJpYXQiOjE3NDY4NjY0NDEsImV4cCI6MTc3ODQwMjQ0MSwibmJmIjoxNzQ2ODY2NDQxLCJqdGkiOiI3MWZmRUR2VnlGNkl2d0p3Iiwic3ViIjoiMSIsInBydiI6IjIzYmQ1Yzg5NDlmNjAwYWRiMzllNzAxYzQwMDg3MmRiN2E1OTc2ZjcifQ.plVqa0aBcJFx8VwYGBMK-gO1Z_J4-ePG0bg-pSti174', '2026-05-10 01:40:41', '2025-05-10 01:40:49', '2025-05-10 01:40:49'),
(78, 'eyJ0eXAiOiJKV1QiLCJhbGciOiJIUzI1NiJ9.eyJpc3MiOiJodHRwOi8vMTI3LjAuMC4xOjgwMDAvbG9naW4iLCJpYXQiOjE3NDY4NjY0NTYsImV4cCI6MTc3ODQwMjQ1NiwibmJmIjoxNzQ2ODY2NDU2LCJqdGkiOiJ0TDRmQVh3SUM1a3NzY0FpIiwic3ViIjoiMiIsInBydiI6IjIzYmQ1Yzg5NDlmNjAwYWRiMzllNzAxYzQwMDg3MmRiN2E1OTc2ZjcifQ.nlIGw5rHlcvY7k6NlgoI9z-MLZRW6M6irzr7GVHdsKA', '2026-05-10 01:40:56', '2025-05-10 04:09:57', '2025-05-10 04:09:57'),
(79, 'eyJ0eXAiOiJKV1QiLCJhbGciOiJIUzI1NiJ9.eyJpc3MiOiJodHRwOi8vMTI3LjAuMC4xOjgwMDAvbG9naW4iLCJpYXQiOjE3NDY4NzU0NjcsImV4cCI6MTc3ODQxMTQ2NywibmJmIjoxNzQ2ODc1NDY3LCJqdGkiOiIwcnRKd0NlOVY4eThhRXpEIiwic3ViIjoiMyIsInBydiI6IjIzYmQ1Yzg5NDlmNjAwYWRiMzllNzAxYzQwMDg3MmRiN2E1OTc2ZjcifQ.p_GSu1ZRIKRA4azmBHyjcblHdu2-ZXAV3Sj7wEeJJos', '2026-05-10 04:11:07', '2025-05-10 04:28:32', '2025-05-10 04:28:32'),
(80, 'eyJ0eXAiOiJKV1QiLCJhbGciOiJIUzI1NiJ9.eyJpc3MiOiJodHRwOi8vMTI3LjAuMC4xOjgwMDAvbG9naW4iLCJpYXQiOjE3NDY4NzY1MTksImV4cCI6MTc3ODQxMjUxOSwibmJmIjoxNzQ2ODc2NTE5LCJqdGkiOiJmcnltbER6TmJnTk55ajhkIiwic3ViIjoiMiIsInBydiI6IjIzYmQ1Yzg5NDlmNjAwYWRiMzllNzAxYzQwMDg3MmRiN2E1OTc2ZjcifQ.cofyQyx__HlWqrH4SdCr_Ktqn3pkjv4czk_4O2jF46g', '2026-05-10 04:28:39', '2025-05-11 01:25:40', '2025-05-11 01:25:40'),
(81, 'eyJ0eXAiOiJKV1QiLCJhbGciOiJIUzI1NiJ9.eyJpc3MiOiJodHRwOi8vMTI3LjAuMC4xOjgwMDAvbG9naW4iLCJpYXQiOjE3NDY5NTE5NDYsImV4cCI6MTc3ODQ4Nzk0NiwibmJmIjoxNzQ2OTUxOTQ2LCJqdGkiOiI0WGF3SnBYWjVqbjl4ZWs0Iiwic3ViIjoiMSIsInBydiI6IjIzYmQ1Yzg5NDlmNjAwYWRiMzllNzAxYzQwMDg3MmRiN2E1OTc2ZjcifQ.DNKO7mZKfd7be2xJKwY8H7C2YYGCbsWBsdKhXkGw_UU', '2026-05-11 01:25:46', '2025-05-11 01:26:23', '2025-05-11 01:26:23'),
(82, 'eyJ0eXAiOiJKV1QiLCJhbGciOiJIUzI1NiJ9.eyJpc3MiOiJodHRwOi8vMTI3LjAuMC4xOjgwMDAvbG9naW4iLCJpYXQiOjE3NDY5NTE5ODgsImV4cCI6MTc3ODQ4Nzk4OCwibmJmIjoxNzQ2OTUxOTg4LCJqdGkiOiJFeXBsVGYzVldBeXQwWDU0Iiwic3ViIjoiMiIsInBydiI6IjIzYmQ1Yzg5NDlmNjAwYWRiMzllNzAxYzQwMDg3MmRiN2E1OTc2ZjcifQ.D-LOLuon5s0zUVqQ_0czRvRlYIWMcdwHdMj0MkS6_ZE', '2026-05-11 01:26:28', '2025-05-11 01:39:17', '2025-05-11 01:39:17'),
(83, 'eyJ0eXAiOiJKV1QiLCJhbGciOiJIUzI1NiJ9.eyJpc3MiOiJodHRwOi8vMTI3LjAuMC4xOjgwMDAvbG9naW4iLCJpYXQiOjE3NDY5NTI3NjYsImV4cCI6MTc3ODQ4ODc2NiwibmJmIjoxNzQ2OTUyNzY2LCJqdGkiOiJBNUpKWUdUS3dJeENEd1dFIiwic3ViIjoiMSIsInBydiI6IjIzYmQ1Yzg5NDlmNjAwYWRiMzllNzAxYzQwMDg3MmRiN2E1OTc2ZjcifQ.P3SXrY2aRl2Faylvc0ZNeDxiHBVZqJf7Z7Hww18n7aw', '2026-05-11 01:39:26', '2025-05-11 01:40:03', '2025-05-11 01:40:03'),
(84, 'eyJ0eXAiOiJKV1QiLCJhbGciOiJIUzI1NiJ9.eyJpc3MiOiJodHRwOi8vMTI3LjAuMC4xOjgwMDAvbG9naW4iLCJpYXQiOjE3NDY5NTUyNjEsImV4cCI6MTc3ODQ5MTI2MSwibmJmIjoxNzQ2OTU1MjYxLCJqdGkiOiJVWVl5R0J0ODltWGhxQndOIiwic3ViIjoiMiIsInBydiI6IjIzYmQ1Yzg5NDlmNjAwYWRiMzllNzAxYzQwMDg3MmRiN2E1OTc2ZjcifQ.XXk0qj5IUku2lq9cD_WRRtMu6i0Vnz6DXFNfRjWLFeY', '2026-05-11 02:21:01', '2025-05-11 03:45:46', '2025-05-11 03:45:46'),
(85, 'eyJ0eXAiOiJKV1QiLCJhbGciOiJIUzI1NiJ9.eyJpc3MiOiJodHRwOi8vMTI3LjAuMC4xOjgwMDAvbG9naW4iLCJpYXQiOjE3NDY5NjAzNTEsImV4cCI6MTc3ODQ5NjM1MSwibmJmIjoxNzQ2OTYwMzUxLCJqdGkiOiJXTEtsUVFwZ08wb25uTzlSIiwic3ViIjoiMSIsInBydiI6IjIzYmQ1Yzg5NDlmNjAwYWRiMzllNzAxYzQwMDg3MmRiN2E1OTc2ZjcifQ.acnzvercizkZcXdhoq1bMwpOnbiNFACKxEQs_Qhtx0Q', '2026-05-11 03:45:51', '2025-05-11 03:46:32', '2025-05-11 03:46:32'),
(86, 'eyJ0eXAiOiJKV1QiLCJhbGciOiJIUzI1NiJ9.eyJpc3MiOiJodHRwOi8vMTI3LjAuMC4xOjgwMDAvbG9naW4iLCJpYXQiOjE3NDY5NjAzOTYsImV4cCI6MTc3ODQ5NjM5NiwibmJmIjoxNzQ2OTYwMzk2LCJqdGkiOiJOaU1pUjVZVXRiZ2hKZHRoIiwic3ViIjoiMiIsInBydiI6IjIzYmQ1Yzg5NDlmNjAwYWRiMzllNzAxYzQwMDg3MmRiN2E1OTc2ZjcifQ.NeyoH4TnpMnjmvVTc0Rzni3WluDK_Ehfz4x9XClGz0Y', '2026-05-11 03:46:36', '2025-05-11 03:46:56', '2025-05-11 03:46:56'),
(87, 'eyJ0eXAiOiJKV1QiLCJhbGciOiJIUzI1NiJ9.eyJpc3MiOiJodHRwOi8vMTI3LjAuMC4xOjgwMDAvbG9naW4iLCJpYXQiOjE3NDY5NjA0MjEsImV4cCI6MTc3ODQ5NjQyMSwibmJmIjoxNzQ2OTYwNDIxLCJqdGkiOiI0UHNvZzEyUXBma2toWEVZIiwic3ViIjoiMSIsInBydiI6IjIzYmQ1Yzg5NDlmNjAwYWRiMzllNzAxYzQwMDg3MmRiN2E1OTc2ZjcifQ.B-ZN8fyJEYOZV_iu3xUbsJY4Nl500iavhJUOlmzZL6A', '2026-05-11 03:47:01', '2025-05-11 07:39:32', '2025-05-11 07:39:32'),
(88, 'eyJ0eXAiOiJKV1QiLCJhbGciOiJIUzI1NiJ9.eyJpc3MiOiJodHRwOi8vMTI3LjAuMC4xOjgwMDAvbG9naW4iLCJpYXQiOjE3NDY5NzQzNzcsImV4cCI6MTc3ODUxMDM3NywibmJmIjoxNzQ2OTc0Mzc3LCJqdGkiOiJvVFNOS0xPa0dLMXJKdkVjIiwic3ViIjoiMiIsInBydiI6IjIzYmQ1Yzg5NDlmNjAwYWRiMzllNzAxYzQwMDg3MmRiN2E1OTc2ZjcifQ.fhXHNKe4TLoiOwxirCMMOEu9KkljvktK_hwfCGH1i0E', '2026-05-11 07:39:37', '2025-05-12 00:40:01', '2025-05-12 00:40:01'),
(89, 'eyJ0eXAiOiJKV1QiLCJhbGciOiJIUzI1NiJ9.eyJpc3MiOiJodHRwOi8vMTI3LjAuMC4xOjgwMDAvbG9naW4iLCJpYXQiOjE3NDY5NzQ3MTUsImV4cCI6MTc3ODUxMDcxNSwibmJmIjoxNzQ2OTc0NzE1LCJqdGkiOiJqVzVMazRCNm1SUlhMSUppIiwic3ViIjoiMSIsInBydiI6IjIzYmQ1Yzg5NDlmNjAwYWRiMzllNzAxYzQwMDg3MmRiN2E1OTc2ZjcifQ.IzDrYMbaGhkTCNw3y8XXHdF7cvNFzDSghTtKhLQ71Gs', '2026-05-11 07:45:15', '2025-05-12 00:43:41', '2025-05-12 00:43:41'),
(90, 'eyJ0eXAiOiJKV1QiLCJhbGciOiJIUzI1NiJ9.eyJpc3MiOiJodHRwOi8vMTI3LjAuMC4xOjgwMDAvbG9naW4iLCJpYXQiOjE3NDcwMzU2MDcsImV4cCI6MTc3ODU3MTYwNywibmJmIjoxNzQ3MDM1NjA3LCJqdGkiOiJkcDUxQVo0T2RHUWU0c2pvIiwic3ViIjoiMSIsInBydiI6IjIzYmQ1Yzg5NDlmNjAwYWRiMzllNzAxYzQwMDg3MmRiN2E1OTc2ZjcifQ.JEbqH2-4r-GJE7m2RxJmKeVGEImNJvrBoOS1dJMdSHM', '2026-05-12 00:40:07', '2025-05-12 02:11:12', '2025-05-12 02:11:12'),
(91, 'eyJ0eXAiOiJKV1QiLCJhbGciOiJIUzI1NiJ9.eyJpc3MiOiJodHRwOi8vMTI3LjAuMC4xOjgwMDAvbG9naW4iLCJpYXQiOjE3NDcwNDEwNzcsImV4cCI6MTc3ODU3NzA3NywibmJmIjoxNzQ3MDQxMDc3LCJqdGkiOiI2Y0x0UUVNb2RudnlqSldXIiwic3ViIjoiMiIsInBydiI6IjIzYmQ1Yzg5NDlmNjAwYWRiMzllNzAxYzQwMDg3MmRiN2E1OTc2ZjcifQ.LUoSK69IOwxR7T-ja_HLjSiF244gmAxzBClcp7ES6Kk', '2026-05-12 02:11:17', '2025-05-12 02:54:11', '2025-05-12 02:54:11'),
(92, 'eyJ0eXAiOiJKV1QiLCJhbGciOiJIUzI1NiJ9.eyJpc3MiOiJodHRwOi8vMTI3LjAuMC4xOjgwMDAvbG9naW4iLCJpYXQiOjE3NDcwNDM2NjAsImV4cCI6MTc3ODU3OTY2MCwibmJmIjoxNzQ3MDQzNjYwLCJqdGkiOiJSMzFYbnE5T0NDSTBBMFMzIiwic3ViIjoiMSIsInBydiI6IjIzYmQ1Yzg5NDlmNjAwYWRiMzllNzAxYzQwMDg3MmRiN2E1OTc2ZjcifQ.GHPmgIblRjgYOb-Qfla1qlziKnFH-p7UYrhQgFJHg5E', '2026-05-12 02:54:20', '2025-05-12 07:25:36', '2025-05-12 07:25:36'),
(93, 'eyJ0eXAiOiJKV1QiLCJhbGciOiJIUzI1NiJ9.eyJpc3MiOiJodHRwOi8vMTI3LjAuMC4xOjgwMDAvbG9naW4iLCJpYXQiOjE3NDcxMjA1ODQsImV4cCI6MTc3ODY1NjU4NCwibmJmIjoxNzQ3MTIwNTg0LCJqdGkiOiJ0REQ4Qk1lT210ZFMwWkFGIiwic3ViIjoiMiIsInBydiI6IjIzYmQ1Yzg5NDlmNjAwYWRiMzllNzAxYzQwMDg3MmRiN2E1OTc2ZjcifQ.FynlUn3cL386aivUD8awXbgUcU8lFwFaTh19Ns97kLI', '2026-05-13 00:16:24', '2025-05-13 09:44:53', '2025-05-13 09:44:53'),
(94, 'eyJ0eXAiOiJKV1QiLCJhbGciOiJIUzI1NiJ9.eyJpc3MiOiJodHRwOi8vMTI3LjAuMC4xOjgwMDAvbG9naW4iLCJpYXQiOjE3NDcyMTIwNzksImV4cCI6MTc3ODc0ODA3OSwibmJmIjoxNzQ3MjEyMDc5LCJqdGkiOiJyNURFajhJTGNSMFdkRlR3Iiwic3ViIjoiMSIsInBydiI6IjIzYmQ1Yzg5NDlmNjAwYWRiMzllNzAxYzQwMDg3MmRiN2E1OTc2ZjcifQ.fcqCTABeMljxfMTN8EDTWrlD3VB7ZAY-AoJNu4YZwBM', '2026-05-14 01:41:19', '2025-05-14 19:25:26', '2025-05-14 19:25:26'),
(95, 'eyJ0eXAiOiJKV1QiLCJhbGciOiJIUzI1NiJ9.eyJpc3MiOiJodHRwOi8vMTI3LjAuMC4xOjgwMDAvbG9naW4iLCJpYXQiOjE3NDcyNzU5MzEsImV4cCI6MTc3ODgxMTkzMSwibmJmIjoxNzQ3Mjc1OTMxLCJqdGkiOiJrdmVTN2NrNEVRbzkwOU05Iiwic3ViIjoiMiIsInBydiI6IjIzYmQ1Yzg5NDlmNjAwYWRiMzllNzAxYzQwMDg3MmRiN2E1OTc2ZjcifQ.WHA-ecK0Dsdz6UkMcCbIieLz7kPjMa83-kZQqh_fEoU', '2026-05-14 19:25:31', '2025-05-14 23:57:38', '2025-05-14 23:57:38'),
(96, 'eyJ0eXAiOiJKV1QiLCJhbGciOiJIUzI1NiJ9.eyJpc3MiOiJodHRwOi8vMTI3LjAuMC4xOjgwMDAvbG9naW4iLCJpYXQiOjE3NDcyOTIyNjQsImV4cCI6MTc3ODgyODI2NCwibmJmIjoxNzQ3MjkyMjY0LCJqdGkiOiJPMDNpOWVCMFZpaU1zRW5jIiwic3ViIjoiMSIsInBydiI6IjIzYmQ1Yzg5NDlmNjAwYWRiMzllNzAxYzQwMDg3MmRiN2E1OTc2ZjcifQ.56W0eXTs0OwiCG6IbQ64mDrMFx5Zu-aNpGS8Da1VoYs', '2026-05-14 23:57:44', '2025-05-15 01:06:30', '2025-05-15 01:06:30'),
(97, 'eyJ0eXAiOiJKV1QiLCJhbGciOiJIUzI1NiJ9.eyJpc3MiOiJodHRwOi8vMTI3LjAuMC4xOjgwMDAvbG9naW4iLCJpYXQiOjE3NDcyOTYzOTQsImV4cCI6MTc3ODgzMjM5NCwibmJmIjoxNzQ3Mjk2Mzk0LCJqdGkiOiJsMUh4WHFMdFhlVjREZXBiIiwic3ViIjoiMiIsInBydiI6IjIzYmQ1Yzg5NDlmNjAwYWRiMzllNzAxYzQwMDg3MmRiN2E1OTc2ZjcifQ.JNwgqoIivSkNblL5KpbQp_tBQncnaafpJiE0PrxIsGE', '2026-05-15 01:06:34', '2025-05-15 04:18:13', '2025-05-15 04:18:13'),
(98, 'eyJ0eXAiOiJKV1QiLCJhbGciOiJIUzI1NiJ9.eyJpc3MiOiJodHRwOi8vMTI3LjAuMC4xOjgwMDAvbG9naW4iLCJpYXQiOjE3NDczMDc4OTgsImV4cCI6MTc3ODg0Mzg5OCwibmJmIjoxNzQ3MzA3ODk4LCJqdGkiOiJFWVdMT3RWamNLWDNHdEFkIiwic3ViIjoiMSIsInBydiI6IjIzYmQ1Yzg5NDlmNjAwYWRiMzllNzAxYzQwMDg3MmRiN2E1OTc2ZjcifQ.maWWwHYrLmO6YDYqGVW8POI_d3W83zYVplaUDA04NvQ', '2026-05-15 04:18:18', '2025-05-15 08:37:30', '2025-05-15 08:37:30'),
(99, 'eyJ0eXAiOiJKV1QiLCJhbGciOiJIUzI1NiJ9.eyJpc3MiOiJodHRwOi8vMTI3LjAuMC4xOjgwMDAvbG9naW4iLCJpYXQiOjE3NDczMjM0NTUsImV4cCI6MTc3ODg1OTQ1NSwibmJmIjoxNzQ3MzIzNDU1LCJqdGkiOiJ2eG5hSTBOa3pMUEtCQWxQIiwic3ViIjoiMiIsInBydiI6IjIzYmQ1Yzg5NDlmNjAwYWRiMzllNzAxYzQwMDg3MmRiN2E1OTc2ZjcifQ.hwEDU8QGP7aqz8AMyo7L7O50bsKRLauuoy7zNrVUAl8', '2026-05-15 08:37:35', '2025-05-17 01:07:50', '2025-05-17 01:07:50'),
(100, 'eyJ0eXAiOiJKV1QiLCJhbGciOiJIUzI1NiJ9.eyJpc3MiOiJodHRwOi8vMTI3LjAuMC4xOjgwMDAvbG9naW4iLCJpYXQiOjE3NDc0NzMxMDksImV4cCI6MTc3OTAwOTEwOSwibmJmIjoxNzQ3NDczMTA5LCJqdGkiOiJBRnNSMG9WMERveEdrOUY2Iiwic3ViIjoiMiIsInBydiI6IjIzYmQ1Yzg5NDlmNjAwYWRiMzllNzAxYzQwMDg3MmRiN2E1OTc2ZjcifQ.a9z6hcQtMWXhSlpERSZm1-u0JcHuUE2BKfhlO0Vyu6o', '2026-05-17 02:11:49', '2025-05-17 23:41:21', '2025-05-17 23:41:21'),
(101, 'eyJ0eXAiOiJKV1QiLCJhbGciOiJIUzI1NiJ9.eyJpc3MiOiJodHRwOi8vMTI3LjAuMC4xOjgwMDAvbG9naW4iLCJpYXQiOjE3NDc1NTA0OTEsImV4cCI6MTc3OTA4NjQ5MSwibmJmIjoxNzQ3NTUwNDkxLCJqdGkiOiJDM3BxYzdKa1NIYUtlWWx4Iiwic3ViIjoiMSIsInBydiI6IjIzYmQ1Yzg5NDlmNjAwYWRiMzllNzAxYzQwMDg3MmRiN2E1OTc2ZjcifQ.trKi3TxK6YFJC7fk1wLasVIvfyPmTmE146LAJ7THZpQ', '2026-05-17 23:41:31', '2025-05-17 23:43:20', '2025-05-17 23:43:20'),
(102, 'eyJ0eXAiOiJKV1QiLCJhbGciOiJIUzI1NiJ9.eyJpc3MiOiJodHRwOi8vMTI3LjAuMC4xOjgwMDAvbG9naW4iLCJpYXQiOjE3NDc1NTA2MDYsImV4cCI6MTc3OTA4NjYwNiwibmJmIjoxNzQ3NTUwNjA2LCJqdGkiOiI3bHlPbHoyc3RueWU2RWlQIiwic3ViIjoiMiIsInBydiI6IjIzYmQ1Yzg5NDlmNjAwYWRiMzllNzAxYzQwMDg3MmRiN2E1OTc2ZjcifQ.WLDAOOKcjqW3OItuy9a1IIEUsHXlBUtNz4N3HJoKjIM', '2026-05-17 23:43:26', '2025-05-17 23:43:41', '2025-05-17 23:43:41'),
(103, 'eyJ0eXAiOiJKV1QiLCJhbGciOiJIUzI1NiJ9.eyJpc3MiOiJodHRwOi8vMTI3LjAuMC4xOjgwMDAvbG9naW4iLCJpYXQiOjE3NDc2NDg5MjYsImV4cCI6MTc3OTE4NDkyNiwibmJmIjoxNzQ3NjQ4OTI2LCJqdGkiOiJlanhFMXdEbWNpWGxob29SIiwic3ViIjoiMiIsInBydiI6IjIzYmQ1Yzg5NDlmNjAwYWRiMzllNzAxYzQwMDg3MmRiN2E1OTc2ZjcifQ.6zROo3kUNCRT7ZDeJfboQufAAyTwXpmReecBcPLuLpg', '2026-05-19 03:02:06', '2025-05-21 01:11:03', '2025-05-21 01:11:03'),
(104, 'eyJ0eXAiOiJKV1QiLCJhbGciOiJIUzI1NiJ9.eyJpc3MiOiJodHRwOi8vMTI3LjAuMC4xOjgwMDAvbG9naW4iLCJpYXQiOjE3NDc4MTY3NjIsImV4cCI6MTc3OTM1Mjc2MiwibmJmIjoxNzQ3ODE2NzYyLCJqdGkiOiJmcFZ1Z1BSYnFBbm9Wb01uIiwic3ViIjoiMiIsInBydiI6IjIzYmQ1Yzg5NDlmNjAwYWRiMzllNzAxYzQwMDg3MmRiN2E1OTc2ZjcifQ.i9A2cj0S9FY8myYo4RKEgUf9n9dhLwwL0CjtV9rzYyE', '2026-05-21 01:39:22', '2025-05-21 23:32:26', '2025-05-21 23:32:26'),
(105, 'eyJ0eXAiOiJKV1QiLCJhbGciOiJIUzI1NiJ9.eyJpc3MiOiJodHRwOi8vMTI3LjAuMC4xOjgwMDAvbG9naW4iLCJpYXQiOjE3NDc4OTU1NTEsImV4cCI6MTc3OTQzMTU1MSwibmJmIjoxNzQ3ODk1NTUxLCJqdGkiOiJQbE1VOFZ4RlRJQUN5NDRqIiwic3ViIjoiMSIsInBydiI6IjIzYmQ1Yzg5NDlmNjAwYWRiMzllNzAxYzQwMDg3MmRiN2E1OTc2ZjcifQ.XGNy0P7PnR4tEdnr8_c0kAhoFjxl4-mtIDpgq7QiSCg', '2026-05-21 23:32:31', '2025-05-21 23:36:17', '2025-05-21 23:36:17'),
(106, 'eyJ0eXAiOiJKV1QiLCJhbGciOiJIUzI1NiJ9.eyJpc3MiOiJodHRwOi8vMTI3LjAuMC4xOjgwMDAvbG9naW4iLCJpYXQiOjE3NDc4OTU3ODIsImV4cCI6MTc3OTQzMTc4MiwibmJmIjoxNzQ3ODk1NzgyLCJqdGkiOiI2ZDdlcVRDSUw3TDdORVVEIiwic3ViIjoiMiIsInBydiI6IjIzYmQ1Yzg5NDlmNjAwYWRiMzllNzAxYzQwMDg3MmRiN2E1OTc2ZjcifQ.dQwr4skmH23lNjlXCHungr1XMGTjRSInwNrQNUwwC6A', '2026-05-21 23:36:22', '2025-05-22 18:58:14', '2025-05-22 18:58:14'),
(107, 'eyJ0eXAiOiJKV1QiLCJhbGciOiJIUzI1NiJ9.eyJpc3MiOiJodHRwOi8vMTI3LjAuMC4xOjgwMDAvbG9naW4iLCJpYXQiOjE3NDc5NjU1MDEsImV4cCI6MTc3OTUwMTUwMSwibmJmIjoxNzQ3OTY1NTAxLCJqdGkiOiJVWWZzbVlUSWJsTDRVVHFCIiwic3ViIjoiMSIsInBydiI6IjIzYmQ1Yzg5NDlmNjAwYWRiMzllNzAxYzQwMDg3MmRiN2E1OTc2ZjcifQ.KQo7x1HH-pgYqAbYfSScoLN0NA49b1YbBzYCZmF8xxM', '2026-05-22 18:58:21', '2025-05-22 20:20:02', '2025-05-22 20:20:02'),
(108, 'eyJ0eXAiOiJKV1QiLCJhbGciOiJIUzI1NiJ9.eyJpc3MiOiJodHRwOi8vMTI3LjAuMC4xOjgwMDAvbG9naW4iLCJpYXQiOjE3NDc5NzA0MDcsImV4cCI6MTc3OTUwNjQwNywibmJmIjoxNzQ3OTcwNDA3LCJqdGkiOiJMeFh3NnpsMW1qdXFrUU5IIiwic3ViIjoiMiIsInBydiI6IjIzYmQ1Yzg5NDlmNjAwYWRiMzllNzAxYzQwMDg3MmRiN2E1OTc2ZjcifQ.EQSOS8MZwcvK4uBdYKqHK-G0-eL3G1TUezQCiGEDhVw', '2026-05-22 20:20:07', '2025-05-23 02:28:16', '2025-05-23 02:28:16'),
(109, 'eyJ0eXAiOiJKV1QiLCJhbGciOiJIUzI1NiJ9.eyJpc3MiOiJodHRwOi8vMTI3LjAuMC4xOjgwMDAvbG9naW4iLCJpYXQiOjE3NDc5OTI1MDAsImV4cCI6MTc3OTUyODUwMCwibmJmIjoxNzQ3OTkyNTAwLCJqdGkiOiJzMVBFMXJyN0JhTHVJSEE1Iiwic3ViIjoiMSIsInBydiI6IjIzYmQ1Yzg5NDlmNjAwYWRiMzllNzAxYzQwMDg3MmRiN2E1OTc2ZjcifQ.CCfozaYgW8TtEDYdlnDn0YWWAfzsa_wZhWHhRXKUKJ4', '2026-05-23 02:28:20', '2025-05-23 02:29:08', '2025-05-23 02:29:08'),
(110, 'eyJ0eXAiOiJKV1QiLCJhbGciOiJIUzI1NiJ9.eyJpc3MiOiJodHRwOi8vMTI3LjAuMC4xOjgwMDAvbG9naW4iLCJpYXQiOjE3NDc5OTI1NTIsImV4cCI6MTc3OTUyODU1MiwibmJmIjoxNzQ3OTkyNTUyLCJqdGkiOiJvdGJRWmFZT2VqQmJEMm9oIiwic3ViIjoiMiIsInBydiI6IjIzYmQ1Yzg5NDlmNjAwYWRiMzllNzAxYzQwMDg3MmRiN2E1OTc2ZjcifQ.qFqKBusxh0r0Zf7d7-jr4ZoTQdEOg50wXdb9cujBI84', '2026-05-23 02:29:12', '2025-05-23 06:48:18', '2025-05-23 06:48:18'),
(111, 'eyJ0eXAiOiJKV1QiLCJhbGciOiJIUzI1NiJ9.eyJpc3MiOiJodHRwOi8vMTI3LjAuMC4xOjgwMDAvbG9naW4iLCJpYXQiOjE3NDgwMDgxMDQsImV4cCI6MTc3OTU0NDEwNCwibmJmIjoxNzQ4MDA4MTA0LCJqdGkiOiI2NmQzQTNIZDRRUlg3WHpCIiwic3ViIjoiMSIsInBydiI6IjIzYmQ1Yzg5NDlmNjAwYWRiMzllNzAxYzQwMDg3MmRiN2E1OTc2ZjcifQ.aX2AktXvpS9O8twAah6TGMtIcqM183WErjZOUQ385-g', '2026-05-23 06:48:24', '2025-05-23 07:43:37', '2025-05-23 07:43:37'),
(112, 'eyJ0eXAiOiJKV1QiLCJhbGciOiJIUzI1NiJ9.eyJpc3MiOiJodHRwOi8vMTI3LjAuMC4xOjgwMDAvbG9naW4iLCJpYXQiOjE3NDgwMTE0MjEsImV4cCI6MTc3OTU0NzQyMSwibmJmIjoxNzQ4MDExNDIxLCJqdGkiOiIzemxiTllZbmloWHhLdzFTIiwic3ViIjoiMiIsInBydiI6IjIzYmQ1Yzg5NDlmNjAwYWRiMzllNzAxYzQwMDg3MmRiN2E1OTc2ZjcifQ.sVeDMGNwYYy2xH1R-tc5mJE5-lRAN23QK5u4QFDcKbE', '2026-05-23 07:43:41', '2025-05-23 07:43:56', '2025-05-23 07:43:56'),
(113, 'eyJ0eXAiOiJKV1QiLCJhbGciOiJIUzI1NiJ9.eyJpc3MiOiJodHRwOi8vMTI3LjAuMC4xOjgwMDAvbG9naW4iLCJpYXQiOjE3NDgwMTE0NDEsImV4cCI6MTc3OTU0NzQ0MSwibmJmIjoxNzQ4MDExNDQxLCJqdGkiOiJ3V0gzWlZTZ0JVV3ZmdVJ1Iiwic3ViIjoiMSIsInBydiI6IjIzYmQ1Yzg5NDlmNjAwYWRiMzllNzAxYzQwMDg3MmRiN2E1OTc2ZjcifQ.Ut3UViPweGcZQGPow2InEOkyqIkUey_i9WG8nZ82MXo', '2026-05-23 07:44:01', '2025-05-24 01:48:28', '2025-05-24 01:48:28'),
(114, 'eyJ0eXAiOiJKV1QiLCJhbGciOiJIUzI1NiJ9.eyJpc3MiOiJodHRwOi8vMTI3LjAuMC4xOjgwMDAvbG9naW4iLCJpYXQiOjE3NDc5NjU4NDMsImV4cCI6MTc3OTUwMTg0MywibmJmIjoxNzQ3OTY1ODQzLCJqdGkiOiJXUkY5NGFlTU9ZYXhnOVhoIiwic3ViIjoiMiIsInBydiI6IjIzYmQ1Yzg5NDlmNjAwYWRiMzllNzAxYzQwMDg3MmRiN2E1OTc2ZjcifQ.tzGuWSjQGA70Z_KjO2gX20vcqSeWTPfmkth2HQeEEqs', '2026-05-22 19:04:03', '2025-05-24 01:51:24', '2025-05-24 01:51:24'),
(115, 'eyJ0eXAiOiJKV1QiLCJhbGciOiJIUzI1NiJ9.eyJpc3MiOiJodHRwOi8vMTI3LjAuMC4xOjgwMDAvbG9naW4iLCJpYXQiOjE3NDgwNzY1MTIsImV4cCI6MTc3OTYxMjUxMiwibmJmIjoxNzQ4MDc2NTEyLCJqdGkiOiJrVGZuRFFLOU9RQnFMdExiIiwic3ViIjoiMiIsInBydiI6IjIzYmQ1Yzg5NDlmNjAwYWRiMzllNzAxYzQwMDg3MmRiN2E1OTc2ZjcifQ.CscGvPY1Yh8K8Ohhiw_hlTj-DTWqr7Kc13nxaABUrEE', '2026-05-24 01:48:32', '2025-05-25 00:49:57', '2025-05-25 00:49:57'),
(116, 'eyJ0eXAiOiJKV1QiLCJhbGciOiJIUzI1NiJ9.eyJpc3MiOiJodHRwOi8vMTI3LjAuMC4xOjgwMDAvbG9naW4iLCJpYXQiOjE3NDgxNTk0MDMsImV4cCI6MTc3OTY5NTQwMywibmJmIjoxNzQ4MTU5NDAzLCJqdGkiOiJ1SVczZXFoTHBaOXhEdXVNIiwic3ViIjoiMSIsInBydiI6IjIzYmQ1Yzg5NDlmNjAwYWRiMzllNzAxYzQwMDg3MmRiN2E1OTc2ZjcifQ.cb7HGt3BwJOD38HXT3-1ZXa7eACvf7i-3leAFvE7WwM', '2026-05-25 00:50:03', '2025-05-25 02:35:37', '2025-05-25 02:35:37'),
(117, 'eyJ0eXAiOiJKV1QiLCJhbGciOiJIUzI1NiJ9.eyJpc3MiOiJodHRwOi8vMTI3LjAuMC4xOjgwMDAvbG9naW4iLCJpYXQiOjE3NDgxNjU3NDIsImV4cCI6MTc3OTcwMTc0MiwibmJmIjoxNzQ4MTY1NzQyLCJqdGkiOiJqalVtemowbjlSQ0JNcGgzIiwic3ViIjoiMiIsInBydiI6IjIzYmQ1Yzg5NDlmNjAwYWRiMzllNzAxYzQwMDg3MmRiN2E1OTc2ZjcifQ.V9HGQyGBu_DjP0U-nMoQLGJ-UHDh4sYgyDICN-Ty92k', '2026-05-25 02:35:42', '2025-05-25 03:09:12', '2025-05-25 03:09:12'),
(118, 'eyJ0eXAiOiJKV1QiLCJhbGciOiJIUzI1NiJ9.eyJpc3MiOiJodHRwOi8vMTI3LjAuMC4xOjgwMDAvbG9naW4iLCJpYXQiOjE3NDgxNjc3NTYsImV4cCI6MTc3OTcwMzc1NiwibmJmIjoxNzQ4MTY3NzU2LCJqdGkiOiJLWUZ6SzB0ZTl1MTFPbVgyIiwic3ViIjoiMSIsInBydiI6IjIzYmQ1Yzg5NDlmNjAwYWRiMzllNzAxYzQwMDg3MmRiN2E1OTc2ZjcifQ.GZPIEZwj306bOSFQgs_115C1vNgPK4_qJUI7VyhPYqY', '2026-05-25 03:09:16', '2025-05-25 05:58:11', '2025-05-25 05:58:11'),
(119, 'eyJ0eXAiOiJKV1QiLCJhbGciOiJIUzI1NiJ9.eyJpc3MiOiJodHRwOi8vMTI3LjAuMC4xOjgwMDAvbG9naW4iLCJpYXQiOjE3NDgxNzc4OTYsImV4cCI6MTc3OTcxMzg5NiwibmJmIjoxNzQ4MTc3ODk2LCJqdGkiOiJOY2l5bDdYSGMxSVpydjdjIiwic3ViIjoiMiIsInBydiI6IjIzYmQ1Yzg5NDlmNjAwYWRiMzllNzAxYzQwMDg3MmRiN2E1OTc2ZjcifQ.8TO7TB8rzBQ0LCIDltRWL69R_o9fBhqEW-gX8STkUII', '2026-05-25 05:58:16', '2025-05-25 07:52:33', '2025-05-25 07:52:33'),
(120, 'eyJ0eXAiOiJKV1QiLCJhbGciOiJIUzI1NiJ9.eyJpc3MiOiJodHRwOi8vMTI3LjAuMC4xOjgwMDAvbG9naW4iLCJpYXQiOjE3NDgxODQ3NzIsImV4cCI6MTc3OTcyMDc3MiwibmJmIjoxNzQ4MTg0NzcyLCJqdGkiOiJFc0FnZXJsTEdySTN6ZTVmIiwic3ViIjoiMSIsInBydiI6IjIzYmQ1Yzg5NDlmNjAwYWRiMzllNzAxYzQwMDg3MmRiN2E1OTc2ZjcifQ.R6IXzcGF9LYsJCevLJmSjGDucOlY0zdlPVpF1iH_lD0', '2026-05-25 07:52:52', '2025-05-25 21:57:14', '2025-05-25 21:57:14');

-- --------------------------------------------------------

--
-- Table structure for table `migrations`
--

CREATE TABLE `migrations` (
  `id` int(10) UNSIGNED NOT NULL,
  `migration` varchar(255) NOT NULL,
  `batch` int(11) NOT NULL
) ENGINE=InnoDB DEFAULT CHARSET=utf8mb4 COLLATE=utf8mb4_unicode_ci;

--
-- Dumping data for table `migrations`
--

INSERT INTO `migrations` (`id`, `migration`, `batch`) VALUES
(23, '2014_10_12_000000_create_users_table', 1),
(24, '2019_12_14_000001_create_personal_access_tokens_table', 1),
(25, '2024_09_09_142158_invalided_token', 1),
(26, '2024_09_09_150605_category', 1),
(27, '2024_09_10_072541_create_products_table', 1),
(54, '2024_09_10_080820_create_orders_table', 2),
(55, '2024_09_10_095047_payment', 2),
(56, '2024_09_16_142642_create_product_images_table', 2),
(57, '2024_10_16_155707_add_otp_to_users_table', 2),
(58, '2024_10_18_075303_create_carts_table', 2),
(59, '2024_10_18_081038_add_columns_to_users_table', 2),
(60, '2024_10_26_103849_create_order_items_table', 2),
(61, '2024_10_27_045112_create_push_notification_browsers_table', 2),
(62, '2025_04_17_144100_create_product_variants_table', 3),
(65, '2025_04_18_161115_add_variant_id_to_order_items', 5),
(66, '2025_04_18_155423_add_variant_id_to_order_items_table', 6),
(67, '2025_04_19_163328_add_variant_id_to_carts_table', 7),
(68, '2025_05_08_135005_create_reviews_table', 8),
(69, '2025_05_10_082414_create_comments_table', 8),
(75, '2025_05_14_030412_create_events_table', 9),
(76, '2025_05_14_030435_create_event_product_table', 10),
(77, '2025_05_25_084506_add_shipping_fee_to_payments_table', 11);

-- --------------------------------------------------------

--
-- Table structure for table `orders`
--

CREATE TABLE `orders` (
  `order_id` int(10) UNSIGNED NOT NULL,
  `user_id` int(10) UNSIGNED NOT NULL,
  `total_amount` double(8,2) NOT NULL,
  `status` varchar(255) NOT NULL,
  `order_date` datetime NOT NULL,
  `created_at` timestamp NULL DEFAULT NULL,
  `updated_at` timestamp NULL DEFAULT NULL,
  `shipping_fee` float DEFAULT NULL
) ENGINE=InnoDB DEFAULT CHARSET=utf8mb4 COLLATE=utf8mb4_unicode_ci;

--
-- Dumping data for table `orders`
--

INSERT INTO `orders` (`order_id`, `user_id`, `total_amount`, `status`, `order_date`, `created_at`, `updated_at`, `shipping_fee`) VALUES
(100, 2, 29.00, 'processing', '2025-05-26 11:57:36', '2025-05-25 21:57:36', '2025-05-25 21:57:36', 1.5),
(101, 2, 20.40, 'processing', '2025-05-26 11:59:53', '2025-05-25 21:59:54', '2025-05-25 21:59:54', 1.5),
(102, 2, 20.00, 'processing', '2025-05-26 14:35:56', '2025-05-26 00:35:56', '2025-05-26 00:35:56', 1.5);

-- --------------------------------------------------------

--
-- Table structure for table `order_items`
--

CREATE TABLE `order_items` (
  `item_id` int(10) UNSIGNED NOT NULL,
  `order_id` int(10) UNSIGNED NOT NULL,
  `variant_id` bigint(20) UNSIGNED DEFAULT NULL,
  `quantity` int(11) NOT NULL,
  `price` double(10,2) NOT NULL,
  `created_at` timestamp NULL DEFAULT NULL,
  `updated_at` timestamp NULL DEFAULT NULL
) ENGINE=InnoDB DEFAULT CHARSET=utf8mb4 COLLATE=utf8mb4_unicode_ci;

--
-- Dumping data for table `order_items`
--

INSERT INTO `order_items` (`item_id`, `order_id`, `variant_id`, `quantity`, `price`, `created_at`, `updated_at`) VALUES
(90, 100, 114, 1, 29.00, '2025-05-25 21:57:37', '2025-05-25 21:57:37'),
(91, 101, 135, 1, 24.00, '2025-05-25 21:59:54', '2025-05-25 21:59:54'),
(92, 102, 130, 1, 20.00, '2025-05-26 00:35:57', '2025-05-26 00:35:57');

-- --------------------------------------------------------

--
-- Table structure for table `personal_access_tokens`
--

CREATE TABLE `personal_access_tokens` (
  `id` bigint(20) UNSIGNED NOT NULL,
  `tokenable_type` varchar(255) NOT NULL,
  `tokenable_id` bigint(20) UNSIGNED NOT NULL,
  `name` varchar(255) NOT NULL,
  `token` varchar(64) NOT NULL,
  `abilities` text DEFAULT NULL,
  `last_used_at` timestamp NULL DEFAULT NULL,
  `expires_at` timestamp NULL DEFAULT NULL,
  `created_at` timestamp NULL DEFAULT NULL,
  `updated_at` timestamp NULL DEFAULT NULL
) ENGINE=InnoDB DEFAULT CHARSET=utf8mb4 COLLATE=utf8mb4_unicode_ci;

-- --------------------------------------------------------

--
-- Table structure for table `products`
--

CREATE TABLE `products` (
  `product_id` int(10) UNSIGNED NOT NULL,
  `product_name` varchar(255) NOT NULL,
  `product_price` double(10,2) NOT NULL,
  `des_1` varchar(255) DEFAULT NULL,
  `des_2` varchar(255) DEFAULT NULL,
  `des_3` varchar(255) DEFAULT NULL,
  `des_4` varchar(255) DEFAULT NULL,
  `des_5` varchar(255) DEFAULT NULL,
  `des_6` varchar(255) DEFAULT NULL,
  `des_7` varchar(255) DEFAULT NULL,
  `des_8` varchar(255) DEFAULT NULL,
  `des_9` varchar(255) DEFAULT NULL,
  `des_10` varchar(255) DEFAULT NULL,
  `des_11` varchar(255) DEFAULT NULL,
  `category_id` int(10) UNSIGNED NOT NULL,
  `created_at` timestamp NULL DEFAULT NULL,
  `updated_at` timestamp NULL DEFAULT NULL
) ENGINE=InnoDB DEFAULT CHARSET=utf8mb4 COLLATE=utf8mb4_unicode_ci;

--
-- Dumping data for table `products`
--

INSERT INTO `products` (`product_id`, `product_name`, `product_price`, `des_1`, `des_2`, `des_3`, `des_4`, `des_5`, `des_6`, `des_7`, `des_8`, `des_9`, `des_10`, `des_11`, `category_id`, `created_at`, `updated_at`) VALUES
(14, 'អាវចុងភៅពណ៌ខ្មៅ', 13.00, 'អាវចុងភៅពណ៌ខ្មៅ', 'អាវចុងភៅពណ៌ខ្មៅ', 'អាវចុងភៅពណ៌ខ្មៅ', 'អាវចុងភៅពណ៌ខ្មៅ', NULL, NULL, NULL, NULL, NULL, NULL, NULL, 7, '2025-05-22 07:49:59', '2025-05-22 07:49:59'),
(15, 'VIPឈុតនារីពណ៍ហ្កិចស្រាល', 21.90, 'VIPឈុតនារីពណ៍ហ្កិចស្រាល', 'VIPឈុតនារីពណ៍ហ្កិចស្រាល', 'VIPឈុតនារីពណ៍ហ្កិចស្រាល', 'VIPឈុតនារីពណ៍ហ្កិចស្រាល', NULL, NULL, NULL, NULL, NULL, NULL, NULL, 5, '2025-05-22 07:51:37', '2025-05-22 07:51:37'),
(16, 'VIPឈុតនារីពណ៍ខៀវទឹកប៊ិច', 21.90, 'VIPឈុតនារីពណ៍ខៀវទឹកប៊ិច', 'VIPឈុតនារីពណ៍ខៀវទឹកប៊ិច', 'VIPឈុតនារីពណ៍ខៀវទឹកប៊ិច', 'VIPឈុតនារីពណ៍ខៀវទឹកប៊ិច', NULL, NULL, NULL, NULL, NULL, NULL, NULL, 5, '2025-05-22 07:52:23', '2025-05-22 07:52:23'),
(17, 'ឈុតនារីពណ៌ផ្កាឈូកក្បឿង', 20.00, 'ឈុតនារីពណ៌ផ្កាឈូកក្បឿង', 'ឈុតនារីពណ៌ផ្កាឈូកក្បឿង', 'ឈុតនារីពណ៌ផ្កាឈូកក្បឿង', 'ឈុតនារីពណ៌ផ្កាឈូកក្បឿង', 'ឈុតនារីពណ៌ផ្កាឈូកក្បឿង', 'ឈុតនារីពណ៌ផ្កាឈូកក្បឿង', 'ឈុតនារីពណ៌ផ្កាឈូកក្បឿង', 'ឈុតនារីពណ៌ផ្កាឈូកក្បឿង', 'ឈុតនារីពណ៌ផ្កាឈូកក្បឿង', 'ឈុតនារីពណ៌ផ្កាឈូកក្បឿង', 'ឈុតនារីពណ៌ផ្កាឈូកក្បឿង', 5, '2025-05-22 07:53:30', '2025-05-22 07:53:30'),
(18, 'VIPឈុតនារីពណ៌ផ្ទៃមេឃស្រាល', 24.00, 'VIPឈុតនារីពណ៌ផ្ទៃមេឃស្រាល', 'VIPឈុតនារីពណ៌ផ្ទៃមេឃស្រាល', 'VIPឈុតនារីពណ៌ផ្ទៃមេឃស្រាល', 'VIPឈុតនារីពណ៌ផ្ទៃមេឃស្រាល', NULL, NULL, NULL, NULL, NULL, NULL, NULL, 5, '2025-05-22 07:55:19', '2025-05-22 07:58:12'),
(19, 'អាវប្លូសនារី សាច់ក្រាស់ ត្រេ ក្រហម&ខៀវ', 24.00, 'អាវប្លូសនារី សាច់ក្រាស់ ត្រេ ក្រហម&ខៀវ', 'អាវប្លូសនារី សាច់ក្រាស់ ត្រេ ក្រហម&ខៀវ', 'អាវប្លូសនារី សាច់ក្រាស់ ត្រេ ក្រហម&ខៀវ', NULL, NULL, NULL, NULL, NULL, NULL, NULL, NULL, 5, '2025-05-22 07:56:20', '2025-05-22 07:56:20'),
(20, 'ឈុតបុរសពណ៌សំបកឪឡឹក មានខ្ទាស់ដែក', 20.00, 'ឈុតបុរសពណ៌សំបកឪឡឹក មានខ្ទាស់ដែក', 'ឈុតបុរសពណ៌សំបកឪឡឹក មានខ្ទាស់ដែក', 'ឈុតបុរសពណ៌សំបកឪឡឹក មានខ្ទាស់ដែក', 'ឈុតបុរសពណ៌សំបកឪឡឹក មានខ្ទាស់ដែក', NULL, NULL, NULL, NULL, NULL, NULL, NULL, 6, '2025-05-22 07:59:05', '2025-05-22 07:59:05'),
(21, 'អាវប្លូស​ បុរសសាច់ក្រាស់ ត្រេ ក្រហម&ខៀវ', 24.00, 'អាវប្លូស​ បុរសសាច់ក្រាស់ ត្រេ ក្រហម&ខៀវ', 'អាវប្លូស​ បុរសសាច់ក្រាស់ ត្រេ ក្រហម&ខៀវ', 'អាវប្លូស​ បុរសសាច់ក្រាស់ ត្រេ ក្រហម&ខៀវ', 'អាវប្លូស​ បុរសសាច់ក្រាស់ ត្រេ ក្រហម&ខៀវ', NULL, NULL, NULL, NULL, NULL, NULL, NULL, 6, '2025-05-22 07:59:39', '2025-05-22 07:59:39'),
(22, 'ឈុតបុរសពណ៌ទឹកប៊ិច ឡាយស', 20.00, 'ឈុតបុរសពណ៌ទឹកប៊ិច ឡាយស', 'ឈុតបុរសពណ៌ទឹកប៊ិច ឡាយស', 'ឈុតបុរសពណ៌ទឹកប៊ិច ឡាយស', 'ឈុតបុរសពណ៌ទឹកប៊ិច ឡាយស', NULL, NULL, NULL, NULL, NULL, NULL, NULL, 6, '2025-05-22 08:00:36', '2025-05-22 08:00:36'),
(23, 'VIPឈុតនារីពណ៌ស្វាយ ឡាយស', 29.00, 'VIPឈុតនារីពណ៌ស្វាយ ឡាយស', 'VIPឈុតនារីពណ៌ស្វាយ ឡាយស', 'VIPឈុតនារីពណ៌ស្វាយ ឡាយស', 'VIPឈុតនារីពណ៌ស្វាយ ឡាយស', 'VIPឈុតនារីពណ៌ស្វាយ ឡាយស', NULL, NULL, NULL, NULL, NULL, NULL, 5, '2025-05-22 08:01:25', '2025-05-22 08:01:25'),
(24, 'VIPឈុតនារីពណ៌សាច់ ម៉ូតចង់ខ្សែរ', 26.00, 'VIPឈុតនារីពណ៌សាច់ ម៉ូតចង់ខ្សែរ', 'VIPឈុតនារីពណ៌សាច់ ម៉ូតចង់ខ្សែរ', 'VIPឈុតនារីពណ៌សាច់ ម៉ូតចង់ខ្សែរ', 'VIPឈុតនារីពណ៌សាច់ ម៉ូតចង់ខ្សែរ', NULL, NULL, NULL, NULL, NULL, NULL, NULL, 5, '2025-05-22 08:02:03', '2025-05-22 08:02:03'),
(25, 'ឈុតនារីពណ៌ទឹកប៊ិច ឡាយស', 20.00, 'ឈុតនារីពណ៌ទឹកប៊ិច ឡាយស', 'ឈុតនារីពណ៌ទឹកប៊ិច ឡាយស', 'ឈុតនារីពណ៌ទឹកប៊ិច ឡាយស', 'ឈុតនារីពណ៌ទឹកប៊ិច ឡាយស', 'ឈុតនារីពណ៌ទឹកប៊ិច ឡាយស', NULL, NULL, NULL, NULL, NULL, NULL, 5, '2025-05-22 08:03:04', '2025-05-22 08:03:04'),
(26, 'VIPឈុតនារីពណ៌ស ​ម៉ូតចង់ខ្សែរ', 24.00, 'VIPឈុតនារីពណ៌ស ​ម៉ូតចង់ខ្សែរ', 'VIPឈុតនារីពណ៌ស ​ម៉ូតចង់ខ្សែរ', 'VIPឈុតនារីពណ៌ស ​ម៉ូតចង់ខ្សែរ', 'VIPឈុតនារីពណ៌ស ​ម៉ូតចង់ខ្សែរ', 'VIPឈុតនារីពណ៌ស ​ម៉ូតចង់ខ្សែរ', NULL, NULL, NULL, NULL, NULL, NULL, 5, '2025-05-22 08:09:22', '2025-05-22 08:10:23'),
(27, 'ឈុតនារីពណ៌ស មានឡាយ', 20.00, 'ឈុតនារីពណ៌ស មានឡាយ', 'ឈុតនារីពណ៌ស មានឡាយ', 'ឈុតនារីពណ៌ស មានឡាយ', 'ឈុតនារីពណ៌ស មានឡាយ', NULL, NULL, NULL, NULL, NULL, NULL, NULL, 5, '2025-05-22 08:11:36', '2025-05-25 21:49:06'),
(28, 'VIPឈុតនារីពណ៌ក្រហមសូត្រមាស', 24.00, 'VIPឈុតនារីពណ៌ក្រហមសូត្រមាស', 'VIPឈុតនារីពណ៌ក្រហមសូត្រមាស', 'VIPឈុតនារីពណ៌ក្រហមសូត្រមាស', 'VIPឈុតនារីពណ៌ក្រហមសូត្រមាស', NULL, NULL, NULL, NULL, NULL, NULL, NULL, 5, '2025-05-22 08:12:38', '2025-05-22 08:12:38');

-- --------------------------------------------------------

--
-- Table structure for table `product_images`
--

CREATE TABLE `product_images` (
  `product_img_id` int(10) UNSIGNED NOT NULL,
  `product_id` int(10) UNSIGNED NOT NULL,
  `image_path` varchar(255) NOT NULL,
  `created_at` timestamp NULL DEFAULT NULL,
  `updated_at` timestamp NULL DEFAULT NULL
) ENGINE=InnoDB DEFAULT CHARSET=utf8mb4 COLLATE=utf8mb4_unicode_ci;

--
-- Dumping data for table `product_images`
--

INSERT INTO `product_images` (`product_img_id`, `product_id`, `image_path`, `created_at`, `updated_at`) VALUES
(47, 14, 'd3e241ab-1b4e-47cf-a80f-e3cc5cf105b8.jpg', '2025-05-22 07:50:00', '2025-05-22 07:50:00'),
(48, 14, 'd3d0b2c0-98a6-4f14-920a-7ec41626e12a.jpg', '2025-05-22 07:50:00', '2025-05-22 07:50:00'),
(49, 14, '5285734f-df7f-4061-8637-408ca87e5f12.jpg', '2025-05-22 07:50:00', '2025-05-22 07:50:00'),
(50, 14, '5ef435d5-7bb9-4108-a7d7-a7a3e8d6c883.jpg', '2025-05-22 07:50:00', '2025-05-22 07:50:00'),
(51, 14, 'e804609b-aa62-4f79-9bd5-ab8f62763e11.jpg', '2025-05-22 07:50:00', '2025-05-22 07:50:00'),
(52, 15, 'fd248f60-3b08-4e3c-8224-d85a1a97207c.jpg', '2025-05-22 07:51:37', '2025-05-22 07:51:37'),
(53, 15, '8b88b18d-5efe-4959-b452-bb7a72eec28d.jpg', '2025-05-22 07:51:37', '2025-05-22 07:51:37'),
(54, 15, '7f0d5277-c1bb-41c7-b5d4-1fc2483f7043.jpg', '2025-05-22 07:51:37', '2025-05-22 07:51:37'),
(55, 15, '166722e4-1ad8-498c-9d77-b54c3c650fed.jpg', '2025-05-22 07:51:37', '2025-05-22 07:51:37'),
(56, 16, '68f37700-9135-4631-aaf6-1f4feefe5a58.jpg', '2025-05-22 07:52:23', '2025-05-22 07:52:23'),
(57, 16, '6e111edb-4029-4935-a0ce-060dc9657c79.jpg', '2025-05-22 07:52:23', '2025-05-22 07:52:23'),
(58, 16, 'e856381c-aa35-4a28-b20f-2e8030a3dcc9.jpg', '2025-05-22 07:52:23', '2025-05-22 07:52:23'),
(59, 17, '5a054aa1-24ba-468f-89cb-7d071e7a7499.png', '2025-05-22 07:53:31', '2025-05-22 07:53:31'),
(60, 17, 'd15eb1ad-cea6-4de6-963a-504fa779e340.png', '2025-05-22 07:53:31', '2025-05-22 07:53:31'),
(61, 17, '6e464604-fb01-4c91-881f-5d1e97a51bd8.png', '2025-05-22 07:53:31', '2025-05-22 07:53:31'),
(62, 17, 'b635b716-2d02-4296-938d-d15f94189b9d.png', '2025-05-22 07:53:31', '2025-05-22 07:53:31'),
(63, 19, 'a0fbf91d-5b8d-4548-b328-2d85adf396bf.jpg', '2025-05-22 07:56:20', '2025-05-22 07:56:20'),
(64, 19, '64c76328-b72c-4795-8bc3-6a4946ab7651.jpg', '2025-05-22 07:56:20', '2025-05-22 07:56:20'),
(65, 19, '75686ab2-f5b3-4bd7-976e-ae4464181bbe.jpg', '2025-05-22 07:56:20', '2025-05-22 07:56:20'),
(66, 19, '50edb9ad-77ca-4489-aa4d-ca774e5ad24c.jpg', '2025-05-22 07:56:20', '2025-05-22 07:56:20'),
(72, 18, '7c2dc919-3c01-4487-a450-27e88bd651c6.jpg', '2025-05-22 07:58:12', '2025-05-22 07:58:12'),
(73, 18, '2d7ab55f-ee65-4a52-af77-e64747fc5d43.jpg', '2025-05-22 07:58:12', '2025-05-22 07:58:12'),
(74, 18, 'f1eaa62e-778c-4818-9cd5-3981e8723028.jpg', '2025-05-22 07:58:12', '2025-05-22 07:58:12'),
(75, 20, 'a488577f-55a5-48bb-8844-ce1c4b4f0a23.jpg', '2025-05-22 07:59:06', '2025-05-22 07:59:06'),
(76, 20, '5b8f9ec3-dd1c-420f-af3f-6a6a35c5d30d.jpg', '2025-05-22 07:59:06', '2025-05-22 07:59:06'),
(77, 20, 'd33dd9c7-7945-4db4-b702-068a61650563.jpg', '2025-05-22 07:59:06', '2025-05-22 07:59:06'),
(78, 20, 'a62ffd0d-46fc-4ca9-990b-a611146774ab.jpg', '2025-05-22 07:59:06', '2025-05-22 07:59:06'),
(79, 21, '7dfced1b-e3b6-4ca8-b317-8669cbd38340.jpg', '2025-05-22 07:59:39', '2025-05-22 07:59:39'),
(80, 21, '2eb3b08c-bf00-4676-acd0-cfd0801deccb.jpg', '2025-05-22 07:59:39', '2025-05-22 07:59:39'),
(81, 21, '289506d8-7bf5-4bb9-b6b7-f65f12ca644d.jpg', '2025-05-22 07:59:39', '2025-05-22 07:59:39'),
(82, 21, 'd43f1295-3a80-4ad7-a8e5-296d733f1e70.jpg', '2025-05-22 07:59:39', '2025-05-22 07:59:39'),
(83, 21, '1ff07df4-4c90-425e-923b-60c74489c84e.jpg', '2025-05-22 07:59:39', '2025-05-22 07:59:39'),
(84, 22, '5b1eeb7f-6233-4006-a388-18742fa5313d.jpg', '2025-05-22 08:00:37', '2025-05-22 08:00:37'),
(85, 22, 'b0911d55-1d21-49d9-9317-95708948d940.jpg', '2025-05-22 08:00:37', '2025-05-22 08:00:37'),
(86, 22, 'ea55cc48-7008-4069-8e77-cac6f437484c.jpg', '2025-05-22 08:00:37', '2025-05-22 08:00:37'),
(87, 22, '3a50139d-c378-4295-bcf7-55259be69196.jpg', '2025-05-22 08:00:37', '2025-05-22 08:00:37'),
(88, 23, '7c6c772e-980e-4553-ba73-37cc258ca01f.jpg', '2025-05-22 08:01:25', '2025-05-22 08:01:25'),
(89, 23, 'ff119ce0-7987-49a6-b2cd-e90b5c4b6041.jpg', '2025-05-22 08:01:25', '2025-05-22 08:01:25'),
(90, 23, 'bfe4d0ff-a2fb-44ef-b542-7b8311238b18.jpg', '2025-05-22 08:01:25', '2025-05-22 08:01:25'),
(91, 23, 'c2b74d93-f11d-4d26-9675-244656929095.jpg', '2025-05-22 08:01:25', '2025-05-22 08:01:25'),
(92, 24, '0fd96b80-648a-44e7-97dc-4625488bd2a0.jpg', '2025-05-22 08:02:03', '2025-05-22 08:02:03'),
(93, 24, '6f4a7564-ab40-44c7-9195-e03cf6cfb9e1.jpg', '2025-05-22 08:02:03', '2025-05-22 08:02:03'),
(94, 24, '5647f358-7df9-43a2-a4a3-c47f3022457a.jpg', '2025-05-22 08:02:03', '2025-05-22 08:02:03'),
(95, 24, '3adaeaf1-bb92-4b0d-8bf6-64d33b9b3913.jpg', '2025-05-22 08:02:03', '2025-05-22 08:02:03'),
(96, 25, '850f17cb-ec06-4d27-91fe-12e1f519feb6.jpg', '2025-05-22 08:03:05', '2025-05-22 08:03:05'),
(97, 25, 'fa125814-9d71-46c7-b878-b830e82b4f0c.jpg', '2025-05-22 08:03:05', '2025-05-22 08:03:05'),
(98, 25, '2544eee6-fc81-4b79-8616-ecbe94555969.jpg', '2025-05-22 08:03:05', '2025-05-22 08:03:05'),
(99, 25, 'd519da36-8d0b-448a-95c2-6f923f2f4db8.jpg', '2025-05-22 08:03:05', '2025-05-22 08:03:05'),
(105, 26, '05eca8b1-7c42-4ac0-bc0b-90c9885e3963.jpg', '2025-05-22 08:10:24', '2025-05-22 08:10:24'),
(106, 26, '3240ff85-c5ad-4daf-93bc-5b2da59722fc.jpg', '2025-05-22 08:10:24', '2025-05-22 08:10:24'),
(107, 26, '4289ca8d-22fe-4f93-8fee-22a0ef27d584.jpg', '2025-05-22 08:10:24', '2025-05-22 08:10:24'),
(108, 26, '95b11ae7-1617-4486-b877-be3b617428ac.jpg', '2025-05-22 08:10:24', '2025-05-22 08:10:24'),
(109, 27, '4276c859-18c8-48e1-a549-ab31d2d31c7f.jpg', '2025-05-22 08:11:37', '2025-05-22 08:11:37'),
(110, 27, '4fec9def-e805-4748-9cca-f2bc1fc44d38.jpg', '2025-05-22 08:11:37', '2025-05-22 08:11:37'),
(111, 27, '42d19c98-310a-4f04-918e-6cf6a8b334e0.jpg', '2025-05-22 08:11:37', '2025-05-22 08:11:37'),
(112, 27, '33278442-fa35-4a2a-9d2b-d10b356e7447.jpg', '2025-05-22 08:11:37', '2025-05-22 08:11:37'),
(113, 27, '8b11e918-54c4-43ae-88d7-8da7850fcf82.jpg', '2025-05-22 08:11:37', '2025-05-22 08:11:37'),
(114, 28, 'f1f71620-4818-47af-bc96-53bf9fece26c.jpg', '2025-05-22 08:12:39', '2025-05-22 08:12:39'),
(115, 28, 'ddce657a-f1c7-4072-b95e-d6050a5abaad.jpg', '2025-05-22 08:12:39', '2025-05-22 08:12:39'),
(116, 28, 'c4e3081f-f13e-4173-afbb-c2e630e8e51e.jpg', '2025-05-22 08:12:39', '2025-05-22 08:12:39'),
(117, 28, 'b49bcda6-5f2a-481e-ade9-03b0b95b9bd5.jpg', '2025-05-22 08:12:39', '2025-05-22 08:12:39');

-- --------------------------------------------------------

--
-- Table structure for table `product_variants`
--

CREATE TABLE `product_variants` (
  `id` bigint(20) UNSIGNED NOT NULL,
  `product_id` int(10) UNSIGNED NOT NULL,
  `size` varchar(255) NOT NULL,
  `quantity` int(11) NOT NULL,
  `sold` int(11) NOT NULL,
  `created_at` timestamp NULL DEFAULT NULL,
  `updated_at` timestamp NULL DEFAULT NULL
) ENGINE=InnoDB DEFAULT CHARSET=utf8mb4 COLLATE=utf8mb4_unicode_ci;

--
-- Dumping data for table `product_variants`
--

INSERT INTO `product_variants` (`id`, `product_id`, `size`, `quantity`, `sold`, `created_at`, `updated_at`) VALUES
(65, 14, 'S', 2, 0, '2025-05-22 07:49:59', '2025-05-22 07:49:59'),
(66, 14, 'M', 2, 0, '2025-05-22 07:49:59', '2025-05-22 07:49:59'),
(67, 14, 'L', 2, 0, '2025-05-22 07:49:59', '2025-05-22 07:49:59'),
(68, 14, 'XL', 2, 0, '2025-05-22 07:49:59', '2025-05-22 07:49:59'),
(69, 14, '2XL', 2, 0, '2025-05-22 07:49:59', '2025-05-24 01:51:49'),
(70, 15, 'S', 15, 0, '2025-05-22 07:51:37', '2025-05-22 07:51:37'),
(71, 15, 'M', 13, 0, '2025-05-22 07:51:37', '2025-05-22 07:51:37'),
(72, 15, 'L', 10, 0, '2025-05-22 07:51:37', '2025-05-22 07:51:37'),
(73, 15, 'XL', 8, 0, '2025-05-22 07:51:37', '2025-05-22 07:51:37'),
(74, 15, '2XL', 2, 0, '2025-05-22 07:51:37', '2025-05-22 07:51:37'),
(75, 16, 'S', 17, 0, '2025-05-22 07:52:23', '2025-05-22 07:52:23'),
(76, 16, 'M', 13, 0, '2025-05-22 07:52:23', '2025-05-22 07:52:23'),
(77, 16, 'L', 10, 0, '2025-05-22 07:52:23', '2025-05-22 07:52:23'),
(78, 16, 'XL', 8, 0, '2025-05-22 07:52:23', '2025-05-22 07:52:23'),
(79, 16, '2XL', 9, 0, '2025-05-22 07:52:23', '2025-05-22 07:52:23'),
(80, 17, 'S', 2, 0, '2025-05-22 07:53:30', '2025-05-22 07:53:30'),
(81, 17, 'M', 13, 0, '2025-05-22 07:53:30', '2025-05-22 07:53:30'),
(82, 17, 'L', 10, 0, '2025-05-22 07:53:30', '2025-05-22 07:53:30'),
(83, 17, 'XL', 8, 0, '2025-05-22 07:53:30', '2025-05-22 07:53:30'),
(84, 17, '2XL', 9, 0, '2025-05-22 07:53:30', '2025-05-22 07:53:30'),
(85, 18, 'S', 2, 0, '2025-05-22 07:55:19', '2025-05-22 07:55:19'),
(86, 18, 'M', 12, 0, '2025-05-22 07:55:19', '2025-05-22 07:55:19'),
(87, 18, 'L', 1, 0, '2025-05-22 07:55:19', '2025-05-22 07:55:19'),
(88, 18, 'XL', 8, 0, '2025-05-22 07:55:19', '2025-05-22 07:55:19'),
(89, 18, '2XL', 9, 0, '2025-05-22 07:55:19', '2025-05-22 07:55:19'),
(90, 19, 'S', 2, 0, '2025-05-22 07:56:20', '2025-05-22 07:56:20'),
(91, 19, 'M', 4, 0, '2025-05-22 07:56:20', '2025-05-22 07:56:20'),
(92, 19, 'L', 1, 0, '2025-05-22 07:56:20', '2025-05-22 07:56:20'),
(93, 19, 'XL', 8, 0, '2025-05-22 07:56:20', '2025-05-22 07:56:20'),
(94, 19, '2XL', 9, 0, '2025-05-22 07:56:20', '2025-05-22 07:56:20'),
(95, 20, 'S', 3, 0, '2025-05-22 07:59:05', '2025-05-22 07:59:05'),
(96, 20, 'M', 3, 0, '2025-05-22 07:59:05', '2025-05-22 07:59:05'),
(97, 20, 'L', 3, 0, '2025-05-22 07:59:05', '2025-05-22 07:59:05'),
(98, 20, 'XL', 3, 0, '2025-05-22 07:59:05', '2025-05-22 07:59:05'),
(99, 20, '2XL', 3, 0, '2025-05-22 07:59:05', '2025-05-22 07:59:05'),
(100, 21, 'S', 3, 0, '2025-05-22 07:59:39', '2025-05-22 07:59:39'),
(101, 21, 'M', 3, 0, '2025-05-22 07:59:39', '2025-05-22 07:59:39'),
(102, 21, 'L', 3, 0, '2025-05-22 07:59:39', '2025-05-22 07:59:39'),
(103, 21, 'XL', 3, 0, '2025-05-22 07:59:39', '2025-05-22 07:59:39'),
(104, 21, '2XL', 3, 0, '2025-05-22 07:59:39', '2025-05-22 07:59:39'),
(105, 22, 'S', 2, 0, '2025-05-22 08:00:36', '2025-05-22 08:00:36'),
(106, 22, 'M', 3, 0, '2025-05-22 08:00:36', '2025-05-22 08:00:36'),
(107, 22, 'L', 3, 0, '2025-05-22 08:00:36', '2025-05-22 08:00:36'),
(108, 22, 'XL', 3, 0, '2025-05-22 08:00:36', '2025-05-22 08:00:36'),
(109, 22, '2XL', 3, 0, '2025-05-22 08:00:36', '2025-05-22 08:00:36'),
(110, 23, 'S', 2, 0, '2025-05-22 08:01:25', '2025-05-22 08:01:25'),
(111, 23, 'M', 3, 0, '2025-05-22 08:01:25', '2025-05-22 08:01:25'),
(112, 23, 'L', 2, 0, '2025-05-22 08:01:25', '2025-05-22 08:01:25'),
(113, 23, 'XL', 3, 0, '2025-05-22 08:01:25', '2025-05-22 08:01:25'),
(114, 23, '2XL', 2, 1, '2025-05-22 08:01:25', '2025-05-25 21:57:37'),
(115, 24, 'S', 2, 0, '2025-05-22 08:02:03', '2025-05-22 08:02:03'),
(116, 24, 'M', 2, 0, '2025-05-22 08:02:03', '2025-05-22 08:02:03'),
(117, 24, 'L', 2, 0, '2025-05-22 08:02:03', '2025-05-22 08:02:03'),
(118, 24, 'XL', 3, 0, '2025-05-22 08:02:03', '2025-05-22 08:02:03'),
(119, 24, '2XL', 3, 0, '2025-05-22 08:02:03', '2025-05-22 08:02:03'),
(120, 25, 'S', 2, 0, '2025-05-22 08:03:04', '2025-05-22 08:03:04'),
(121, 25, 'M', 2, 0, '2025-05-22 08:03:04', '2025-05-22 08:03:04'),
(122, 25, 'L', 2, 0, '2025-05-22 08:03:04', '2025-05-22 08:03:04'),
(123, 25, 'XL', 2, 0, '2025-05-22 08:03:04', '2025-05-22 08:03:04'),
(124, 25, '2XL', 3, 0, '2025-05-22 08:03:04', '2025-05-22 08:03:04'),
(125, 26, 'S', 1, 0, '2025-05-22 08:09:22', '2025-05-22 08:09:22'),
(126, 26, 'M', 2, 0, '2025-05-22 08:09:22', '2025-05-22 08:09:22'),
(127, 26, 'L', 2, 0, '2025-05-22 08:09:22', '2025-05-22 08:09:22'),
(128, 26, 'XL', 2, 0, '2025-05-22 08:09:23', '2025-05-22 08:09:23'),
(129, 26, '2XL', 2, 0, '2025-05-22 08:09:23', '2025-05-22 08:09:23'),
(130, 27, 'S', 1, 1, '2025-05-22 08:11:36', '2025-05-26 00:35:57'),
(132, 27, 'L', 2, 0, '2025-05-22 08:11:36', '2025-05-22 08:11:36'),
(135, 28, 'S', 1, 1, '2025-05-22 08:12:38', '2025-05-25 21:59:54'),
(136, 28, 'M', 2, 0, '2025-05-22 08:12:38', '2025-05-22 08:12:38'),
(137, 28, 'L', 0, 2, '2025-05-22 08:12:38', '2025-05-22 09:32:04'),
(138, 28, 'XL', 1, 1, '2025-05-22 08:12:38', '2025-05-24 02:00:47'),
(139, 28, '2XL', 1, 1, '2025-05-22 08:12:38', '2025-05-24 02:09:33');

-- --------------------------------------------------------

--
-- Table structure for table `push_notification_browsers`
--

CREATE TABLE `push_notification_browsers` (
  `id` bigint(20) UNSIGNED NOT NULL,
  `subscriptions` longtext CHARACTER SET utf8mb4 COLLATE utf8mb4_bin NOT NULL CHECK (json_valid(`subscriptions`)),
  `created_at` timestamp NULL DEFAULT NULL,
  `updated_at` timestamp NULL DEFAULT NULL
) ENGINE=InnoDB DEFAULT CHARSET=utf8mb4 COLLATE=utf8mb4_unicode_ci;

-- --------------------------------------------------------

--
-- Table structure for table `reviews`
--

CREATE TABLE `reviews` (
  `id` bigint(20) UNSIGNED NOT NULL,
  `user_id` int(10) UNSIGNED NOT NULL,
  `product_id` int(10) UNSIGNED NOT NULL,
  `rating` tinyint(4) NOT NULL,
  `comment` text NOT NULL,
  `created_at` timestamp NULL DEFAULT NULL,
  `updated_at` timestamp NULL DEFAULT NULL
) ENGINE=InnoDB DEFAULT CHARSET=utf8mb4 COLLATE=utf8mb4_unicode_ci;

--
-- Dumping data for table `reviews`
--

INSERT INTO `reviews` (`id`, `user_id`, `product_id`, `rating`, `comment`, `created_at`, `updated_at`) VALUES
(14, 2, 27, 4, 'klmgklsga', '2025-05-22 19:10:18', '2025-05-22 19:10:18');

-- --------------------------------------------------------

--
-- Table structure for table `users`
--

CREATE TABLE `users` (
  `user_id` int(10) UNSIGNED NOT NULL,
  `username` varchar(255) NOT NULL,
  `email` varchar(255) NOT NULL,
  `password` varchar(255) NOT NULL,
  `phone_number` varchar(255) NOT NULL,
  `user_profile` varchar(255) DEFAULT NULL,
  `user_role` varchar(255) NOT NULL,
  `otp` varchar(255) DEFAULT NULL,
  `otp_expired_time` timestamp NULL DEFAULT NULL,
  `created_at` timestamp NULL DEFAULT NULL,
  `updated_at` timestamp NULL DEFAULT NULL,
  `address` text DEFAULT NULL,
  `country` varchar(255) DEFAULT NULL,
  `more_address` text DEFAULT NULL
) ENGINE=InnoDB DEFAULT CHARSET=utf8mb4 COLLATE=utf8mb4_unicode_ci;

--
-- Dumping data for table `users`
--

INSERT INTO `users` (`user_id`, `username`, `email`, `password`, `phone_number`, `user_profile`, `user_role`, `otp`, `otp_expired_time`, `created_at`, `updated_at`, `address`, `country`, `more_address`) VALUES
(1, 'admin', 'admin@gmail.com', '$2y$10$maznh/Ay2DVOmlWHUG/8ku1Snjat3qIHmVMvyVaAuGy0v0.XZhPuW', '093483', NULL, 'admin', NULL, NULL, '2024-09-14 07:17:41', '2024-09-14 07:17:41', NULL, NULL, NULL),
(2, 'Ann', 'kunvengann@gmail.com', '$2y$10$9Ui7Bo8aGVgzR1ssHiA.muCJAxTUEUi5mQay6cKDsO/b1QtuY5JD2', '0874986742', 'uploads/profile/1747926997_profile-pic-vector-cartoon-sticker-but-pic_545336_wh860.png', 'user', NULL, NULL, '2024-09-14 07:15:02', '2025-05-25 00:36:40', 'កែងផ្លូវ២០៨, ផ្លូវលេខ ១១៤', 'កណ្ដាល', NULL),
(3, 'Mao dep chai vkl', 'loginmabachduy2012@gmail.com', '$2y$10$v4CoFLKuZAZ5a7pFLl.5ROj5CuKO/Fph3vAAFOzMTIw02s1F7x4pC', '0123123123', NULL, 'user', NULL, NULL, '2025-05-10 04:10:53', '2025-05-10 04:10:53', NULL, NULL, NULL);

--
-- Indexes for dumped tables
--

--
-- Indexes for table `banner_images`
--
ALTER TABLE `banner_images`
  ADD PRIMARY KEY (`banner_images_id`);

--
-- Indexes for table `carts`
--
ALTER TABLE `carts`
  ADD PRIMARY KEY (`id`),
  ADD UNIQUE KEY `unique_user_variant` (`user_id`,`variant_id`),
  ADD KEY `variant_id` (`variant_id`);

--
-- Indexes for table `categories`
--
ALTER TABLE `categories`
  ADD PRIMARY KEY (`category_id`);

--
-- Indexes for table `events`
--
ALTER TABLE `events`
  ADD PRIMARY KEY (`id`);

--
-- Indexes for table `event_product`
--
ALTER TABLE `event_product`
  ADD PRIMARY KEY (`id`),
  ADD UNIQUE KEY `event_product_event_id_product_id_unique` (`event_id`,`product_id`),
  ADD KEY `event_product_product_id_foreign` (`product_id`);

--
-- Indexes for table `invalidated_tokens`
--
ALTER TABLE `invalidated_tokens`
  ADD PRIMARY KEY (`id_tk`);

--
-- Indexes for table `migrations`
--
ALTER TABLE `migrations`
  ADD PRIMARY KEY (`id`);

--
-- Indexes for table `orders`
--
ALTER TABLE `orders`
  ADD PRIMARY KEY (`order_id`),
  ADD KEY `orders_user_id_foreign` (`user_id`);

--
-- Indexes for table `order_items`
--
ALTER TABLE `order_items`
  ADD PRIMARY KEY (`item_id`),
  ADD KEY `order_id` (`order_id`),
  ADD KEY `variant_id` (`variant_id`);

--
-- Indexes for table `personal_access_tokens`
--
ALTER TABLE `personal_access_tokens`
  ADD PRIMARY KEY (`id`),
  ADD UNIQUE KEY `personal_access_tokens_token_unique` (`token`),
  ADD KEY `personal_access_tokens_tokenable_type_tokenable_id_index` (`tokenable_type`,`tokenable_id`);

--
-- Indexes for table `products`
--
ALTER TABLE `products`
  ADD PRIMARY KEY (`product_id`),
  ADD KEY `products_category_id_foreign` (`category_id`);

--
-- Indexes for table `product_images`
--
ALTER TABLE `product_images`
  ADD PRIMARY KEY (`product_img_id`),
  ADD KEY `product_images_product_id_foreign` (`product_id`);

--
-- Indexes for table `product_variants`
--
ALTER TABLE `product_variants`
  ADD PRIMARY KEY (`id`),
  ADD KEY `product_variants_product_id_foreign` (`product_id`);

--
-- Indexes for table `push_notification_browsers`
--
ALTER TABLE `push_notification_browsers`
  ADD PRIMARY KEY (`id`);

--
-- Indexes for table `reviews`
--
ALTER TABLE `reviews`
  ADD PRIMARY KEY (`id`),
  ADD KEY `reviews_user_id_foreign` (`user_id`),
  ADD KEY `reviews_product_id_foreign` (`product_id`);

--
-- Indexes for table `users`
--
ALTER TABLE `users`
  ADD PRIMARY KEY (`user_id`),
  ADD UNIQUE KEY `users_email_unique` (`email`);

--
-- AUTO_INCREMENT for dumped tables
--

--
-- AUTO_INCREMENT for table `banner_images`
--
ALTER TABLE `banner_images`
  MODIFY `banner_images_id` int(11) NOT NULL AUTO_INCREMENT, AUTO_INCREMENT=5;

--
-- AUTO_INCREMENT for table `carts`
--
ALTER TABLE `carts`
  MODIFY `id` bigint(20) UNSIGNED NOT NULL AUTO_INCREMENT, AUTO_INCREMENT=27;

--
-- AUTO_INCREMENT for table `categories`
--
ALTER TABLE `categories`
  MODIFY `category_id` int(10) UNSIGNED NOT NULL AUTO_INCREMENT, AUTO_INCREMENT=9;

--
-- AUTO_INCREMENT for table `events`
--
ALTER TABLE `events`
  MODIFY `id` bigint(20) UNSIGNED NOT NULL AUTO_INCREMENT, AUTO_INCREMENT=17;

--
-- AUTO_INCREMENT for table `event_product`
--
ALTER TABLE `event_product`
  MODIFY `id` bigint(20) UNSIGNED NOT NULL AUTO_INCREMENT, AUTO_INCREMENT=65;

--
-- AUTO_INCREMENT for table `invalidated_tokens`
--
ALTER TABLE `invalidated_tokens`
  MODIFY `id_tk` int(10) UNSIGNED NOT NULL AUTO_INCREMENT, AUTO_INCREMENT=121;

--
-- AUTO_INCREMENT for table `migrations`
--
ALTER TABLE `migrations`
  MODIFY `id` int(10) UNSIGNED NOT NULL AUTO_INCREMENT, AUTO_INCREMENT=78;

--
-- AUTO_INCREMENT for table `orders`
--
ALTER TABLE `orders`
  MODIFY `order_id` int(10) UNSIGNED NOT NULL AUTO_INCREMENT, AUTO_INCREMENT=103;

--
-- AUTO_INCREMENT for table `order_items`
--
ALTER TABLE `order_items`
  MODIFY `item_id` int(10) UNSIGNED NOT NULL AUTO_INCREMENT, AUTO_INCREMENT=93;

--
-- AUTO_INCREMENT for table `personal_access_tokens`
--
ALTER TABLE `personal_access_tokens`
  MODIFY `id` bigint(20) UNSIGNED NOT NULL AUTO_INCREMENT;

--
-- AUTO_INCREMENT for table `products`
--
ALTER TABLE `products`
  MODIFY `product_id` int(10) UNSIGNED NOT NULL AUTO_INCREMENT, AUTO_INCREMENT=29;

--
-- AUTO_INCREMENT for table `product_images`
--
ALTER TABLE `product_images`
  MODIFY `product_img_id` int(10) UNSIGNED NOT NULL AUTO_INCREMENT, AUTO_INCREMENT=118;

--
-- AUTO_INCREMENT for table `product_variants`
--
ALTER TABLE `product_variants`
  MODIFY `id` bigint(20) UNSIGNED NOT NULL AUTO_INCREMENT, AUTO_INCREMENT=140;

--
-- AUTO_INCREMENT for table `push_notification_browsers`
--
ALTER TABLE `push_notification_browsers`
  MODIFY `id` bigint(20) UNSIGNED NOT NULL AUTO_INCREMENT, AUTO_INCREMENT=2;

--
-- AUTO_INCREMENT for table `reviews`
--
ALTER TABLE `reviews`
  MODIFY `id` bigint(20) UNSIGNED NOT NULL AUTO_INCREMENT, AUTO_INCREMENT=15;

--
-- AUTO_INCREMENT for table `users`
--
ALTER TABLE `users`
  MODIFY `user_id` int(10) UNSIGNED NOT NULL AUTO_INCREMENT, AUTO_INCREMENT=4;

--
-- Constraints for dumped tables
--

--
-- Constraints for table `carts`
--
ALTER TABLE `carts`
  ADD CONSTRAINT `carts_ibfk_1` FOREIGN KEY (`user_id`) REFERENCES `users` (`user_id`) ON DELETE CASCADE,
  ADD CONSTRAINT `carts_ibfk_2` FOREIGN KEY (`variant_id`) REFERENCES `product_variants` (`id`) ON DELETE CASCADE;

--
-- Constraints for table `event_product`
--
ALTER TABLE `event_product`
  ADD CONSTRAINT `event_product_event_id_foreign` FOREIGN KEY (`event_id`) REFERENCES `events` (`id`) ON DELETE CASCADE,
  ADD CONSTRAINT `event_product_product_id_foreign` FOREIGN KEY (`product_id`) REFERENCES `products` (`product_id`) ON DELETE CASCADE;

--
-- Constraints for table `orders`
--
ALTER TABLE `orders`
  ADD CONSTRAINT `orders_user_id_foreign` FOREIGN KEY (`user_id`) REFERENCES `users` (`user_id`) ON DELETE CASCADE;

--
-- Constraints for table `order_items`
--
ALTER TABLE `order_items`
  ADD CONSTRAINT `order_items_ibfk_1` FOREIGN KEY (`order_id`) REFERENCES `orders` (`order_id`) ON DELETE CASCADE,
  ADD CONSTRAINT `order_items_ibfk_2` FOREIGN KEY (`variant_id`) REFERENCES `product_variants` (`id`) ON DELETE SET NULL;

--
-- Constraints for table `products`
--
ALTER TABLE `products`
  ADD CONSTRAINT `products_category_id_foreign` FOREIGN KEY (`category_id`) REFERENCES `categories` (`category_id`) ON DELETE CASCADE;

--
-- Constraints for table `product_images`
--
ALTER TABLE `product_images`
  ADD CONSTRAINT `product_images_product_id_foreign` FOREIGN KEY (`product_id`) REFERENCES `products` (`product_id`) ON DELETE CASCADE;

--
-- Constraints for table `product_variants`
--
ALTER TABLE `product_variants`
  ADD CONSTRAINT `product_variants_product_id_foreign` FOREIGN KEY (`product_id`) REFERENCES `products` (`product_id`) ON DELETE CASCADE;

--
-- Constraints for table `reviews`
--
ALTER TABLE `reviews`
  ADD CONSTRAINT `reviews_product_id_foreign` FOREIGN KEY (`product_id`) REFERENCES `products` (`product_id`) ON DELETE CASCADE,
  ADD CONSTRAINT `reviews_user_id_foreign` FOREIGN KEY (`user_id`) REFERENCES `users` (`user_id`) ON DELETE CASCADE;
COMMIT;

/*!40101 SET CHARACTER_SET_CLIENT=@OLD_CHARACTER_SET_CLIENT */;
/*!40101 SET CHARACTER_SET_RESULTS=@OLD_CHARACTER_SET_RESULTS */;
/*!40101 SET COLLATION_CONNECTION=@OLD_COLLATION_CONNECTION */;
